"cell_id","modality","class","subclass","cluster_id","subcluster_id","nt_type","age","sync_age_bin","pseudotime","umap1","umap2"
"cell_1","scRNA","RG","RG","cl_RG_RG_1","cl_RG_RG_1_sub2","Other","E15.5",5,0.244024680228904,-1.96866155667422,0.907551706017851
"cell_2","scRNA","NonIT Glut","L5 ET CTX Glut","cl_NonIT_Glut_L5_ET_CTX_Glut_1","cl_NonIT_Glut_L5_ET_CTX_Glut_1_sub2","Glutamate","E14.5",4,0.311864907387644,-0.148816361359868,1.28395701047459
"cell_3","scRNA","OPC-Oligo","OPC NN","cl_OPC-Oligo_OPC_NN_2","cl_OPC-Oligo_OPC_NN_2_sub1","Other","E13.5",3,0.221246689558029,0.112463812551901,-1.55786379738557
"cell_4","scRNA","NonIT Glut","L6 CT CTX Glut","cl_NonIT_Glut_L6_CT_CTX_Glut_1","cl_NonIT_Glut_L6_CT_CTX_Glut_1_sub1","Glutamate","E10.5",1,0.0305468428414315,0.724676202647759,1.08174184817912
"cell_5","scRNA","RG","RG","cl_RG_RG_1","cl_RG_RG_1_sub2","Other","E17",7,0.9030366090592,-1.18748607600528,-0.756981356946019
"cell_6","scRNA","OPC-Oligo","OPC NN","cl_OPC-Oligo_OPC_NN_2","cl_OPC-Oligo_OPC_NN_2_sub1","Other","E15.5",5,0.959397464292124,-0.499600189815913,-1.28901947384896
"cell_7","scRNA","Immune","BAM NN","cl_Immune_BAM_NN_1","cl_Immune_BAM_NN_1_sub3","Other","P0",9,0.942848661448807,-1.07364299075116,1.31432066591943
"cell_8","scRNA","GABA","Vip Gaba","cl_GABA_Vip_Gaba_2","cl_GABA_Vip_Gaba_2_sub3","GABA","P56",17,0.453300039982423,1.05724021270968,1.14625997326498
"cell_9","scRNA","GABA","Sst Gaba","cl_GABA_Sst_Gaba_1","cl_GABA_Sst_Gaba_1_sub1","GABA","E15.5",5,0.437665002420545,1.27907258320933,-0.242583267705004
"cell_10","scRNA","GABA","Sst Gaba","cl_GABA_Sst_Gaba_1","cl_GABA_Sst_Gaba_1_sub1","GABA","P10",12,0.0501661477610469,0.787676725359233,0.759540706238345
"cell_11","scRNA","GABA","Sst Gaba","cl_GABA_Sst_Gaba_1","cl_GABA_Sst_Gaba_1_sub2","GABA","E12.5",2,0.359821268357337,-1.22240338257699,-0.860325741423062
"cell_12","scRNA","Vascular","Peri NN","cl_Vascular_Peri_NN_2","cl_Vascular_Peri_NN_2_sub2","Other","E14.5",4,0.896644064690918,0.451952116736654,-0.151031579052044
"cell_13","Multiome","GABA","Pvalb Gaba","cl_GABA_Pvalb_Gaba_1","cl_GABA_Pvalb_Gaba_1_sub3","GABA","P1",10,0.371063167229295,1.15044918638092,-0.0937232337608719
"cell_14","scRNA","IT Glut","L4/5 IT CTX Glut","cl_IT_Glut_L4/5_IT_CTX_Glut_2","cl_IT_Glut_L4/5_IT_CTX_Glut_2_sub3","Glutamate","P25",15,0.503285011276603,0.167940980736459,-0.280740054504004
"cell_15","scRNA","IP","IP IT","cl_IP_IP_IT_1","cl_IP_IP_IT_1_sub2","Other","E18.5",8,0.527599306078628,-0.56610933289597,0.734098736497243
"cell_16","scRNA","CR Glut","CR Glut","cl_CR_Glut_CR_Glut_1","cl_CR_Glut_CR_Glut_1_sub1","Glutamate","E10.5",1,0.170270065078512,-1.08611824061135,1.53732753549595
"cell_17","Multiome","Vascular","Peri NN","cl_Vascular_Peri_NN_2","cl_Vascular_Peri_NN_2_sub2","Other","P5",11,0.53859877679497,-0.665302795560156,-0.455771062778902
"cell_18","scRNA","IT Glut","L5 IT CTX Glut","cl_IT_Glut_L5_IT_CTX_Glut_2","cl_IT_Glut_L5_IT_CTX_Glut_2_sub3","Glutamate","E15.5",5,0.11049344507046,0.714848355949339,-0.0326584523557289
"cell_19","scRNA","IT Glut","L6 IT CTX Glut","cl_IT_Glut_L6_IT_CTX_Glut_1","cl_IT_Glut_L6_IT_CTX_Glut_1_sub3","Glutamate","P5",11,0.614105034386739,-0.431661100381928,1.6367573491655
"cell_20","Multiome","NonIT Glut","L6 CT CTX Glut","cl_NonIT_Glut_L6_CT_CTX_Glut_1","cl_NonIT_Glut_L6_CT_CTX_Glut_1_sub1","Glutamate","P25",15,0.544976426986977,0.227614939940088,-0.329041970526538
"cell_21","scRNA","GABA","Lamp5 Gaba","cl_GABA_Lamp5_Gaba_1","cl_GABA_Lamp5_Gaba_1_sub1","GABA","P25",15,0.22762869251892,1.2949457956703,-2.6040381706071
"cell_22","scRNA","OPC-Oligo","OPC NN","cl_OPC-Oligo_OPC_NN_1","cl_OPC-Oligo_OPC_NN_1_sub3","Other","P1",10,0.901508652605116,0.578334940469455,0.513983786447932
"cell_23","scRNA","IT Glut","L5 IT CTX Glut","cl_IT_Glut_L5_IT_CTX_Glut_2","cl_IT_Glut_L5_IT_CTX_Glut_2_sub1","Glutamate","P25",15,0.198526436695829,1.36467278147354,-0.886468011111257
"cell_24","Multiome","Vascular","VLMC NN","cl_Vascular_VLMC_NN_2","cl_Vascular_VLMC_NN_2_sub2","Other","P25",15,0.421812117565423,-1.70157980266041,-0.998538406003926
"cell_25","scRNA","IMN","IMN nonIT","cl_IMN_IMN_nonIT_1","cl_IMN_IMN_nonIT_1_sub2","Other","P10",12,0.884361858014017,-0.280676279713793,1.42081681358485
"cell_26","scRNA","Glioblast","Glioblast","cl_Glioblast_Glioblast_1","cl_Glioblast_Glioblast_1_sub1","Other","P0",9,0.238200846593827,0.0650680194921931,2.44799800701523
"cell_27","scRNA","CR Glut","CR Glut","cl_CR_Glut_CR_Glut_1","cl_CR_Glut_CR_Glut_1_sub1","Glutamate","E14.5",4,0.291630598250777,0.578589291608515,-1.03978254140354
"cell_28","Multiome","Vascular","Peri NN","cl_Vascular_Peri_NN_2","cl_Vascular_Peri_NN_2_sub2","Other","E13.5",3,0.876395269529894,-1.16920662152897,1.03102518166676
"cell_29","scRNA","IT Glut","L5 IT CTX Glut","cl_IT_Glut_L5_IT_CTX_Glut_1","cl_IT_Glut_L5_IT_CTX_Glut_1_sub2","Glutamate","E17",7,0.619072475004941,0.806184855447289,-0.0941478383696331
"cell_30","scRNA","IP","IP nonIT","cl_IP_IP_nonIT_2","cl_IP_IP_nonIT_2_sub2","Other","E14.5",4,0.857298753689975,0.307390076162333,0.141807459220448
"cell_31","scRNA","Immune","BAM NN","cl_Immune_BAM_NN_2","cl_Immune_BAM_NN_2_sub2","Other","E18.5",8,0.477284332504496,0.263806013604717,1.2222367014564
"cell_32","Multiome","NonIT Glut","L5 ET CTX Glut","cl_NonIT_Glut_L5_ET_CTX_Glut_2","cl_NonIT_Glut_L5_ET_CTX_Glut_2_sub2","Glutamate","E15.5",5,0.894230959936976,0.508484791605046,0.213674518441066
"cell_33","scRNA","Vascular","Peri NN","cl_Vascular_Peri_NN_1","cl_Vascular_Peri_NN_1_sub3","Other","E16.5",6,0.169069356750697,-0.116358439876994,-0.851365353860758
"cell_34","scRNA","NonIT Glut","L5 ET CTX Glut","cl_NonIT_Glut_L5_ET_CTX_Glut_2","cl_NonIT_Glut_L5_ET_CTX_Glut_2_sub2","Glutamate","E14.5",4,0.621070137713104,0.925546098499114,-0.470408874742861
"cell_35","scRNA","Immune","BAM NN","cl_Immune_BAM_NN_2","cl_Immune_BAM_NN_2_sub2","Other","E13.5",3,0.722760529723018,0.64822977373149,0.686135255298873
"cell_36","scRNA","IMN","IMN nonIT","cl_IMN_IMN_nonIT_2","cl_IMN_IMN_nonIT_2_sub1","Other","P5",11,0.190216163406149,-0.150209374167699,-2.3359473318599
"cell_37","Multiome","IT Glut","L4/5 IT CTX Glut","cl_IT_Glut_L4/5_IT_CTX_Glut_1","cl_IT_Glut_L4/5_IT_CTX_Glut_1_sub3","Glutamate","P1",10,0.568715502275154,1.0403770193407,1.09524438184847
"cell_38","scRNA","IT Glut","L4/5 IT CTX Glut","cl_IT_Glut_L4/5_IT_CTX_Glut_2","cl_IT_Glut_L4/5_IT_CTX_Glut_2_sub3","Glutamate","E15.5",5,0.671531327534467,0.292558684946182,-1.56715009883224
"cell_39","Multiome","IT Glut","L5 IT CTX Glut","cl_IT_Glut_L5_IT_CTX_Glut_2","cl_IT_Glut_L5_IT_CTX_Glut_2_sub1","Glutamate","P5",11,0.919210898689926,0.668751399439464,0.0219310628183824
"cell_40","scRNA","IT Glut","L2/3 IT CTX Glut","cl_IT_Glut_L2/3_IT_CTX_Glut_1","cl_IT_Glut_L2/3_IT_CTX_Glut_1_sub3","Glutamate","P1",10,0.325559697812423,-0.594177641624221,-0.19035897759196
"cell_41","scRNA","Vascular","VLMC NN","cl_Vascular_VLMC_NN_1","cl_Vascular_VLMC_NN_1_sub3","Other","P25",15,0.546752070309594,1.58043183698592,1.29306948602434
"cell_42","scRNA","GABA","Pvalb Gaba","cl_GABA_Pvalb_Gaba_1","cl_GABA_Pvalb_Gaba_1_sub1","GABA","P1",10,0.00499117863364518,-0.0039889443499837,0.188849315056629
"cell_43","Multiome","GABA","Sst Gaba","cl_GABA_Sst_Gaba_1","cl_GABA_Sst_Gaba_1_sub1","GABA","P15",13,0.370116141391918,0.847842768893476,0.101939134905212
"cell_44","scRNA","Immune","BAM NN","cl_Immune_BAM_NN_1","cl_Immune_BAM_NN_1_sub3","Other","E13.5",3,0.637621424626559,-0.100116525892691,0.698135808858598
"cell_45","scRNA","IMN","IMN IT","cl_IMN_IMN_IT_1","cl_IMN_IMN_IT_1_sub2","Other","P1",10,0.609607010148466,-0.279629906980599,-0.827014556190432
"cell_46","scRNA","IP","IP nonIT","cl_IP_IP_nonIT_1","cl_IP_IP_nonIT_1_sub3","Other","E18.5",8,0.818292169133201,0.784438245280006,-0.195898856066376
"cell_47","scRNA","IMN","IMN IT","cl_IMN_IMN_IT_2","cl_IMN_IMN_IT_2_sub2","Other","P10",12,0.117891796631739,-1.58461664459117,1.17758441380777
"cell_48","scRNA","GABA","Vip Gaba","cl_GABA_Vip_Gaba_2","cl_GABA_Vip_Gaba_2_sub3","GABA","P1",10,0.66335767111741,0.478366147794031,0.683473620979851
"cell_49","scRNA","NonIT Glut","L6b CTX Glut","cl_NonIT_Glut_L6b_CTX_Glut_2","cl_NonIT_Glut_L6b_CTX_Glut_2_sub3","Glutamate","E17",7,0.201607255265117,0.393566372994815,-1.27549670675253
"cell_50","scRNA","RG","RG","cl_RG_RG_2","cl_RG_RG_2_sub1","Other","E17",7,0.586859541479498,-2.69532936912452,0.63795636741088
"cell_51","Multiome","OPC-Oligo","OPC NN","cl_OPC-Oligo_OPC_NN_1","cl_OPC-Oligo_OPC_NN_1_sub2","Other","E16.5",6,0.695069978712127,0.368377328533257,-1.37758962460372
"cell_52","scRNA","GABA","Sst Gaba","cl_GABA_Sst_Gaba_2","cl_GABA_Sst_Gaba_2_sub1","GABA","P56",17,0.528288147877902,-2.16841774734701,-0.59831080371967
"cell_53","scRNA","NEC","NEC","cl_NEC_NEC_2","cl_NEC_NEC_2_sub3","Other","E10.5",1,0.369521510088816,0.65980437689272,1.21092038385701
"cell_54","Multiome","GABA","Vip Gaba","cl_GABA_Vip_Gaba_1","cl_GABA_Vip_Gaba_1_sub2","GABA","E15.5",5,0.698472405551001,-0.45391373338119,-2.25104517544585
"cell_55","scRNA","GABA","Vip Gaba","cl_GABA_Vip_Gaba_1","cl_GABA_Vip_Gaba_1_sub2","GABA","P1",10,0.47370445728302,-0.694936825234894,-1.77901419088083
"cell_56","Multiome","IMN","IMN IT","cl_IMN_IMN_IT_1","cl_IMN_IMN_IT_1_sub3","Other","P15",13,0.230807848041877,-0.00684630317266509,1.30137267282642
"cell_57","scRNA","OPC-Oligo","OPC NN","cl_OPC-Oligo_OPC_NN_2","cl_OPC-Oligo_OPC_NN_2_sub1","Other","P1",10,0.454134696628898,1.37305204498399,-0.814792784052655
"cell_58","Multiome","NonIT Glut","L5 ET CTX Glut","cl_NonIT_Glut_L5_ET_CTX_Glut_1","cl_NonIT_Glut_L5_ET_CTX_Glut_1_sub2","Glutamate","E12.5",2,0.0791919191833586,-0.635323077217894,1.24370701857891
"cell_59","Multiome","IMN","IMN nonIT","cl_IMN_IMN_nonIT_2","cl_IMN_IMN_nonIT_2_sub1","Other","P25",15,0.257680573733523,0.558103293948777,-0.168250200756106
"cell_60","Multiome","NEC","NEC","cl_NEC_NEC_2","cl_NEC_NEC_2_sub1","Other","P25",15,0.554080500733107,0.341157868421877,0.427775678362924
"cell_61","Multiome","RG","RG","cl_RG_RG_1","cl_RG_RG_1_sub1","Other","E18.5",8,0.0217597931623459,-1.17951862914156,0.813278889629239
"cell_62","scRNA","IT Glut","L4/5 IT CTX Glut","cl_IT_Glut_L4/5_IT_CTX_Glut_1","cl_IT_Glut_L4/5_IT_CTX_Glut_1_sub3","Glutamate","E13.5",3,0.211102063767612,-1.74102201733397,-0.651211869360044
"cell_63","Multiome","Vascular","Endo NN","cl_Vascular_Endo_NN_1","cl_Vascular_Endo_NN_1_sub1","Other","E12.5",2,0.636393392225727,-1.99258577123914,-0.304590923146605
"cell_64","scRNA","Immune","BAM NN","cl_Immune_BAM_NN_1","cl_Immune_BAM_NN_1_sub3","Other","E16.5",6,0.716973771108314,0.551274211467889,-0.415097169645636
"cell_65","scRNA","NonIT Glut","L5 ET CTX Glut","cl_NonIT_Glut_L5_ET_CTX_Glut_2","cl_NonIT_Glut_L5_ET_CTX_Glut_2_sub1","Glutamate","P20",14,0.776862405473366,-0.0347420615312984,2.81608427602238
"cell_66","scRNA","IP","IP nonIT","cl_IP_IP_nonIT_2","cl_IP_IP_nonIT_2_sub1","Other","P25",15,0.0732085653580725,1.85057170361062,0.126147069097579
"cell_67","scRNA","GABA","Vip Gaba","cl_GABA_Vip_Gaba_2","cl_GABA_Vip_Gaba_2_sub2","GABA","P0",9,0.0987483714707196,0.573675108263045,0.472800423111086
"cell_68","scRNA","IP","IP IT","cl_IP_IP_IT_1","cl_IP_IP_IT_1_sub1","Other","P25",15,0.94639556040056,0.849695891082609,-0.34075354094095
"cell_69","Multiome","IMN","IMN nonIT","cl_IMN_IMN_nonIT_2","cl_IMN_IMN_nonIT_2_sub2","Other","P28",16,0.930883407825604,1.33438358533495,-0.24179064265461
"cell_70","Multiome","Glioblast","Glioblast","cl_Glioblast_Glioblast_2","cl_Glioblast_Glioblast_2_sub1","Other","E18.5",8,0.921451541595161,-0.500719097964974,1.37875466885731
"cell_71","scRNA","IP","IP IT","cl_IP_IP_IT_2","cl_IP_IP_IT_2_sub3","Other","P0",9,0.649938648333773,0.510097928228489,-0.338883669537391
"cell_72","scRNA","Vascular","VLMC NN","cl_Vascular_VLMC_NN_1","cl_Vascular_VLMC_NN_1_sub2","Other","P28",16,0.156350366072729,0.868793270244154,0.0201363027607609
"cell_73","scRNA","OPC-Oligo","Oligo NN","cl_OPC-Oligo_Oligo_NN_1","cl_OPC-Oligo_Oligo_NN_1_sub1","Other","P0",9,0.91014366876334,1.36935168800303,0.376962164141067
"cell_74","Multiome","Glioblast","Glioblast","cl_Glioblast_Glioblast_1","cl_Glioblast_Glioblast_1_sub2","Other","E12.5",2,0.922061887802556,0.762651146326369,-0.431723745037877
"cell_75","scRNA","IT Glut","L2/3 IT CTX Glut","cl_IT_Glut_L2/3_IT_CTX_Glut_2","cl_IT_Glut_L2/3_IT_CTX_Glut_2_sub1","Glutamate","P0",9,0.169240613933653,0.421147173037333,1.95906415617703
"cell_76","scRNA","Vascular","VLMC NN","cl_Vascular_VLMC_NN_2","cl_Vascular_VLMC_NN_2_sub1","Other","P5",11,0.0733673155773431,-0.868224047271223,-1.42845961222117
"cell_77","scRNA","IT Glut","L4/5 IT CTX Glut","cl_IT_Glut_L4/5_IT_CTX_Glut_1","cl_IT_Glut_L4/5_IT_CTX_Glut_1_sub1","Glutamate","P5",11,0.566228931071237,0.729560360957693,2.01129297984563
"cell_78","scRNA","Immune","BAM NN","cl_Immune_BAM_NN_1","cl_Immune_BAM_NN_1_sub1","Other","E14.5",4,0.365405296906829,0.500265872418287,-0.351591888879179
"cell_79","Multiome","OPC-Oligo","Oligo NN","cl_OPC-Oligo_Oligo_NN_1","cl_OPC-Oligo_Oligo_NN_1_sub2","Other","E17",7,0.460166618926451,0.63425025370691,1.35711964684949
"cell_80","scRNA","IT Glut","L6 IT CTX Glut","cl_IT_Glut_L6_IT_CTX_Glut_1","cl_IT_Glut_L6_IT_CTX_Glut_1_sub1","Glutamate","P5",11,0.46473691239953,0.423645045572256,-1.99917741100747
"cell_81","Multiome","GABA","Vip Gaba","cl_GABA_Vip_Gaba_1","cl_GABA_Vip_Gaba_1_sub1","GABA","E10.5",1,0.77890710812062,-0.201838044710004,0.956080621428453
"cell_82","Multiome","Vascular","Peri NN","cl_Vascular_Peri_NN_2","cl_Vascular_Peri_NN_2_sub1","Other","P5",11,0.823666376294568,-0.0768658984340142,0.876431264976865
"cell_83","scRNA","NonIT Glut","L5 ET CTX Glut","cl_NonIT_Glut_L5_ET_CTX_Glut_1","cl_NonIT_Glut_L5_ET_CTX_Glut_1_sub3","Glutamate","E16.5",6,0.282355052186176,0.687364113281517,-1.27121697156009
"cell_84","scRNA","IT Glut","L5 IT CTX Glut","cl_IT_Glut_L5_IT_CTX_Glut_1","cl_IT_Glut_L5_IT_CTX_Glut_1_sub2","Glutamate","P1",10,0.729978314135224,0.17163150692454,-0.768323878489628
"cell_85","scRNA","GABA","Lamp5 Gaba","cl_GABA_Lamp5_Gaba_2","cl_GABA_Lamp5_Gaba_2_sub1","GABA","E13.5",3,0.495971685973927,-0.830108574326988,0.193524845470222
"cell_86","scRNA","GABA","Pvalb Gaba","cl_GABA_Pvalb_Gaba_1","cl_GABA_Pvalb_Gaba_1_sub2","GABA","E13.5",3,0.0662683011032641,-0.290159119805667,1.14383542879701
"cell_87","Multiome","IT Glut","L5 IT CTX Glut","cl_IT_Glut_L5_IT_CTX_Glut_1","cl_IT_Glut_L5_IT_CTX_Glut_1_sub2","Glutamate","E12.5",2,0.0376478305552155,-1.31912572417651,-0.765999304028674
"cell_88","scRNA","Vascular","Endo NN","cl_Vascular_Endo_NN_1","cl_Vascular_Endo_NN_1_sub1","Other","E18.5",8,0.237585074035451,-0.967031902668912,-0.224125999053298
"cell_89","scRNA","RG","RG","cl_RG_RG_2","cl_RG_RG_2_sub2","Other","P15",13,0.218396110227332,-0.144611070135517,1.57134693497734
"cell_90","Multiome","NonIT Glut","L6 CT CTX Glut","cl_NonIT_Glut_L6_CT_CTX_Glut_2","cl_NonIT_Glut_L6_CT_CTX_Glut_2_sub1","Glutamate","E18.5",8,0.422386274905875,-1.79813255637493,-1.12734724085149
"cell_91","scRNA","NonIT Glut","L5 ET CTX Glut","cl_NonIT_Glut_L5_ET_CTX_Glut_2","cl_NonIT_Glut_L5_ET_CTX_Glut_2_sub3","Glutamate","E12.5",2,0.549751633079723,-1.68854247459158,0.947793980716858
"cell_92","scRNA","Glioblast","Glioblast","cl_Glioblast_Glioblast_1","cl_Glioblast_Glioblast_1_sub2","Other","E16.5",6,0.713737604673952,1.10256519943608,0.448768189234897
"cell_93","scRNA","GABA","Sst Gaba","cl_GABA_Sst_Gaba_2","cl_GABA_Sst_Gaba_2_sub1","GABA","P56",17,0.23999410867691,-0.57661892421144,-1.10581452855633
"cell_94","Multiome","IT Glut","L6 IT CTX Glut","cl_IT_Glut_L6_IT_CTX_Glut_1","cl_IT_Glut_L6_IT_CTX_Glut_1_sub1","Glutamate","P20",14,0.895682013127953,-1.85169172955149,-0.667867842173781
"cell_95","scRNA","IP","IP nonIT","cl_IP_IP_nonIT_2","cl_IP_IP_nonIT_2_sub3","Other","E17",7,0.482623788062483,-0.112863239428975,0.783277510302197
"cell_96","scRNA","Glioblast","Glioblast","cl_Glioblast_Glioblast_2","cl_Glioblast_Glioblast_2_sub2","Other","P15",13,0.262847001897171,1.32106926722151,0.248959432712127
"cell_97","scRNA","GABA","Lamp5 Gaba","cl_GABA_Lamp5_Gaba_2","cl_GABA_Lamp5_Gaba_2_sub2","GABA","E18.5",8,0.319918760331348,0.662254296934641,1.42509827746748
"cell_98","Multiome","Vascular","Peri NN","cl_Vascular_Peri_NN_1","cl_Vascular_Peri_NN_1_sub3","Other","E16.5",6,0.66430197423324,0.441383198353637,-0.601783962091586
"cell_99","scRNA","Immune","BAM NN","cl_Immune_BAM_NN_1","cl_Immune_BAM_NN_1_sub1","Other","P5",11,0.728051361395046,1.18374591227984,-1.71448769637948
"cell_100","scRNA","Immune","BAM NN","cl_Immune_BAM_NN_2","cl_Immune_BAM_NN_2_sub1","Other","P1",10,0.571435950929299,-0.771501441100894,1.04782692647826
"cell_101","scRNA","GABA","Pvalb Gaba","cl_GABA_Pvalb_Gaba_2","cl_GABA_Pvalb_Gaba_2_sub3","GABA","P56",17,0.878695076331496,0.729689191352037,-0.608621618434128
"cell_102","Multiome","Vascular","Peri NN","cl_Vascular_Peri_NN_1","cl_Vascular_Peri_NN_1_sub3","Other","E17",7,0.409203278832138,-0.58708561577886,0.120340526822556
"cell_103","scRNA","Immune","BAM NN","cl_Immune_BAM_NN_2","cl_Immune_BAM_NN_2_sub2","Other","P10",12,0.205395789584145,0.000764186362514016,1.7190418138518
"cell_104","scRNA","NEC","NEC","cl_NEC_NEC_2","cl_NEC_NEC_2_sub2","Other","P56",17,0.470820417162031,2.21446531934013,-0.250414052311195
"cell_105","scRNA","IT Glut","L4/5 IT CTX Glut","cl_IT_Glut_L4/5_IT_CTX_Glut_2","cl_IT_Glut_L4/5_IT_CTX_Glut_2_sub1","Glutamate","E18.5",8,0.379407775355503,0.969434395709261,1.54955532739698
"cell_106","Multiome","RG","RG","cl_RG_RG_2","cl_RG_RG_2_sub1","Other","P25",15,0.247564962366596,0.768007713717215,-1.09713964993245
"cell_107","scRNA","IP","IP nonIT","cl_IP_IP_nonIT_2","cl_IP_IP_nonIT_2_sub3","Other","P20",14,0.925032525788993,-1.10832791181816,0.925511236116236
"cell_108","scRNA","IMN","IMN nonIT","cl_IMN_IMN_nonIT_1","cl_IMN_IMN_nonIT_1_sub2","Other","P20",14,0.466174706583843,-0.786235919994713,0.246799211870998
"cell_109","Multiome","IP","IP nonIT","cl_IP_IP_nonIT_1","cl_IP_IP_nonIT_1_sub3","Other","P56",17,0.0139416833408177,2.2841164802616,-0.73677153935145
"cell_110","scRNA","NonIT Glut","L6b CTX Glut","cl_NonIT_Glut_L6b_CTX_Glut_1","cl_NonIT_Glut_L6b_CTX_Glut_1_sub1","Glutamate","E10.5",1,0.94322473811917,-1.09330076397331,-1.28000893888965
"cell_111","Multiome","IT Glut","L5 IT CTX Glut","cl_IT_Glut_L5_IT_CTX_Glut_1","cl_IT_Glut_L5_IT_CTX_Glut_1_sub3","Glutamate","P1",10,0.374545655446127,0.214479375285073,0.0766436635945079
"cell_112","scRNA","IT Glut","L6 IT CTX Glut","cl_IT_Glut_L6_IT_CTX_Glut_2","cl_IT_Glut_L6_IT_CTX_Glut_2_sub2","Glutamate","P1",10,0.00804153550416231,0.892571059637073,0.255164762454082
"cell_113","scRNA","IMN","IMN IT","cl_IMN_IMN_IT_1","cl_IMN_IMN_IT_1_sub3","Other","P0",9,0.980524503393099,1.01875797234226,0.277446817034678
"cell_114","scRNA","NonIT Glut","L5 ET CTX Glut","cl_NonIT_Glut_L5_ET_CTX_Glut_2","cl_NonIT_Glut_L5_ET_CTX_Glut_2_sub3","Glutamate","P10",12,0.377540055895224,1.08911201091924,0.536856022231548
"cell_115","scRNA","Vascular","Peri NN","cl_Vascular_Peri_NN_2","cl_Vascular_Peri_NN_2_sub2","Other","P10",12,0.985867554787546,-0.163128989885215,-0.460485565976711
"cell_116","Multiome","NonIT Glut","L6 CT CTX Glut","cl_NonIT_Glut_L6_CT_CTX_Glut_2","cl_NonIT_Glut_L6_CT_CTX_Glut_2_sub3","Glutamate","E14.5",4,0.139616390690207,-0.820986697119997,-0.511603722189581
"cell_117","scRNA","IT Glut","L5 IT CTX Glut","cl_IT_Glut_L5_IT_CTX_Glut_2","cl_IT_Glut_L5_IT_CTX_Glut_2_sub2","Glutamate","P1",10,0.562218103092164,-0.307257232988639,0.236937879127631
"cell_118","scRNA","IT Glut","L6 IT CTX Glut","cl_IT_Glut_L6_IT_CTX_Glut_2","cl_IT_Glut_L6_IT_CTX_Glut_2_sub2","Glutamate","E15.5",5,0.794360194355249,-0.902098008539463,-0.541589171621698
"cell_119","scRNA","Glioblast","Glioblast","cl_Glioblast_Glioblast_1","cl_Glioblast_Glioblast_1_sub3","Other","E12.5",2,0.193901368649676,0.627068743114984,1.21922764704307
"cell_120","scRNA","IMN","IMN IT","cl_IMN_IMN_IT_1","cl_IMN_IMN_IT_1_sub3","Other","P10",12,0.71069850306958,1.12035502842611,0.174135875106149
"cell_121","scRNA","NEC","NEC","cl_NEC_NEC_1","cl_NEC_NEC_1_sub1","Other","P15",13,0.565708020003513,2.12721355249353,-0.615268316096478
"cell_122","Multiome","IP","IP IT","cl_IP_IP_IT_2","cl_IP_IP_IT_2_sub3","Other","P5",11,0.0101157331373543,0.366114382931719,-1.80689296408533
"cell_123","scRNA","GABA","Sst Gaba","cl_GABA_Sst_Gaba_2","cl_GABA_Sst_Gaba_2_sub1","GABA","E16.5",6,0.256950867827982,-0.874781377193686,-0.643681105896039
"cell_124","Multiome","RG","RG","cl_RG_RG_2","cl_RG_RG_2_sub1","Other","P1",10,0.470981482882053,1.02447486299323,2.04601885213282
"cell_125","Multiome","GABA","Vip Gaba","cl_GABA_Vip_Gaba_2","cl_GABA_Vip_Gaba_2_sub1","GABA","P0",9,0.926862747175619,0.90475889369531,-0.560762421131065
"cell_126","scRNA","NonIT Glut","L5 ET CTX Glut","cl_NonIT_Glut_L5_ET_CTX_Glut_2","cl_NonIT_Glut_L5_ET_CTX_Glut_2_sub3","Glutamate","E13.5",3,0.995291978819296,-0.238248695902827,-0.835999305852858
"cell_127","scRNA","IP","IP nonIT","cl_IP_IP_nonIT_1","cl_IP_IP_nonIT_1_sub2","Other","E18.5",8,0.209982300410047,-1.55785490387231,0.652947502777847
"cell_128","Multiome","GABA","Lamp5 Gaba","cl_GABA_Lamp5_Gaba_1","cl_GABA_Lamp5_Gaba_1_sub2","GABA","P15",13,0.545186908217147,0.761309895393914,0.441293124842934
"cell_129","scRNA","GABA","Sst Gaba","cl_GABA_Sst_Gaba_1","cl_GABA_Sst_Gaba_1_sub3","GABA","E10.5",1,0.645392872393131,1.12914439564163,0.751629056591275
"cell_130","scRNA","NonIT Glut","L5 ET CTX Glut","cl_NonIT_Glut_L5_ET_CTX_Glut_2","cl_NonIT_Glut_L5_ET_CTX_Glut_2_sub1","Glutamate","E12.5",2,0.90110798063688,-0.295107830705934,-0.277975085155337
"cell_131","scRNA","GABA","Lamp5 Gaba","cl_GABA_Lamp5_Gaba_2","cl_GABA_Lamp5_Gaba_2_sub3","GABA","P5",11,0.73232174734585,0.536242818358026,1.12265421625967
"cell_132","scRNA","IP","IP nonIT","cl_IP_IP_nonIT_2","cl_IP_IP_nonIT_2_sub1","Other","P28",16,0.609710701974109,-0.275890474750511,-1.17260886019801
"cell_133","scRNA","IMN","IMN IT","cl_IMN_IMN_IT_2","cl_IMN_IMN_IT_2_sub3","Other","E15.5",5,0.224372133612633,0.682315245137513,-0.048876767973659
"cell_134","Multiome","NonIT Glut","L6b CTX Glut","cl_NonIT_Glut_L6b_CTX_Glut_2","cl_NonIT_Glut_L6b_CTX_Glut_2_sub2","Glutamate","E14.5",4,0.916171013377607,-0.117290714714849,-0.704140337217956
"cell_135","scRNA","IT Glut","L6 IT CTX Glut","cl_IT_Glut_L6_IT_CTX_Glut_2","cl_IT_Glut_L6_IT_CTX_Glut_2_sub3","Glutamate","E13.5",3,0.802761024795473,-0.344675863920062,0.680758638017183
"cell_136","scRNA","CR Glut","CR Glut","cl_CR_Glut_CR_Glut_2","cl_CR_Glut_CR_Glut_2_sub2","Glutamate","P25",15,0.312408612575382,0.11162049819721,0.130006761402136
"cell_137","scRNA","OPC-Oligo","Oligo NN","cl_OPC-Oligo_Oligo_NN_1","cl_OPC-Oligo_Oligo_NN_1_sub1","Other","P1",10,0.227251196280122,-0.283405314982296,1.10970808177014
"cell_138","Multiome","Vascular","Peri NN","cl_Vascular_Peri_NN_2","cl_Vascular_Peri_NN_2_sub1","Other","E17",7,0.657595203956589,-0.591017164454285,2.05850086898135
"cell_139","scRNA","NonIT Glut","L6 CT CTX Glut","cl_NonIT_Glut_L6_CT_CTX_Glut_2","cl_NonIT_Glut_L6_CT_CTX_Glut_2_sub1","Glutamate","E17",7,0.735731156310067,-0.315936931242398,0.140655531724984
"cell_140","scRNA","GABA","Vip Gaba","cl_GABA_Vip_Gaba_1","cl_GABA_Vip_Gaba_1_sub1","GABA","E12.5",2,0.465094254584983,-0.00815215232553516,-0.534616652198382
"cell_141","scRNA","Glioblast","Glioblast","cl_Glioblast_Glioblast_1","cl_Glioblast_Glioblast_1_sub1","Other","E13.5",3,0.863605329301208,0.207495140718474,-0.823516726518704
"cell_142","scRNA","GABA","Lamp5 Gaba","cl_GABA_Lamp5_Gaba_2","cl_GABA_Lamp5_Gaba_2_sub2","GABA","E18.5",8,0.675000583287328,1.53242362162584,-0.263033982230645
"cell_143","scRNA","IT Glut","L5 IT CTX Glut","cl_IT_Glut_L5_IT_CTX_Glut_2","cl_IT_Glut_L5_IT_CTX_Glut_2_sub2","Glutamate","P20",14,0.161467888858169,-1.35799783095348,-0.0696018363603779
"cell_144","scRNA","IMN","IMN nonIT","cl_IMN_IMN_nonIT_2","cl_IMN_IMN_nonIT_2_sub3","Other","P0",9,0.0120903067290783,-0.199619050552942,1.99180191472057
"cell_145","scRNA","Vascular","VLMC NN","cl_Vascular_VLMC_NN_2","cl_Vascular_VLMC_NN_2_sub1","Other","P25",15,0.866068027447909,0.631523127780826,-1.12910954273777
"cell_146","scRNA","RG","RG","cl_RG_RG_2","cl_RG_RG_2_sub1","Other","P56",17,0.100712787825614,1.76202090344287,-1.09321743652488
"cell_147","scRNA","OPC-Oligo","Oligo NN","cl_OPC-Oligo_Oligo_NN_2","cl_OPC-Oligo_Oligo_NN_2_sub2","Other","E17",7,0.312232244526967,0.426014362615495,-0.407966690317779
"cell_148","scRNA","IMN","IMN nonIT","cl_IMN_IMN_nonIT_1","cl_IMN_IMN_nonIT_1_sub3","Other","E18.5",8,0.434495053021237,-0.0137534164753999,0.587559463498313
"cell_149","Multiome","IMN","IMN IT","cl_IMN_IMN_IT_2","cl_IMN_IMN_IT_2_sub1","Other","E10.5",1,0.615756064187735,-0.307556909596359,0.821111859737407
"cell_150","scRNA","CR Glut","CR Glut","cl_CR_Glut_CR_Glut_2","cl_CR_Glut_CR_Glut_2_sub1","Glutamate","P0",9,0.339224056806415,0.41430816410829,-0.907934699241847
"cell_151","Multiome","OPC-Oligo","Oligo NN","cl_OPC-Oligo_Oligo_NN_2","cl_OPC-Oligo_Oligo_NN_2_sub2","Other","E13.5",3,0.579978102818131,0.989057920196389,0.127038606349588
"cell_152","scRNA","CR Glut","CR Glut","cl_CR_Glut_CR_Glut_1","cl_CR_Glut_CR_Glut_1_sub3","Glutamate","E12.5",2,0.829674802720547,-0.183858310546053,-0.0428929778975765
"cell_153","Multiome","CR Glut","CR Glut","cl_CR_Glut_CR_Glut_1","cl_CR_Glut_CR_Glut_1_sub1","Glutamate","P5",11,0.334618145599961,0.163761406846557,1.19520647042577
"cell_154","scRNA","Vascular","Peri NN","cl_Vascular_Peri_NN_1","cl_Vascular_Peri_NN_1_sub3","Other","E14.5",4,0.382018996169791,0.216936344144384,1.08919223650205
"cell_155","scRNA","IT Glut","L2/3 IT CTX Glut","cl_IT_Glut_L2/3_IT_CTX_Glut_1","cl_IT_Glut_L2/3_IT_CTX_Glut_1_sub1","Glutamate","E18.5",8,0.605689934687689,0.729277634209656,-0.312280694434521
"cell_156","scRNA","Immune","BAM NN","cl_Immune_BAM_NN_1","cl_Immune_BAM_NN_1_sub2","Other","P5",11,0.495735892094672,1.11138040702469,0.0459937666619196
"cell_157","scRNA","IT Glut","L2/3 IT CTX Glut","cl_IT_Glut_L2/3_IT_CTX_Glut_1","cl_IT_Glut_L2/3_IT_CTX_Glut_1_sub3","Glutamate","P20",14,0.10926788370125,0.279160816939631,0.652722613401543
"cell_158","scRNA","NonIT Glut","L5 ET CTX Glut","cl_NonIT_Glut_L5_ET_CTX_Glut_2","cl_NonIT_Glut_L5_ET_CTX_Glut_2_sub3","Glutamate","E13.5",3,0.84592829993926,-0.0761706715471799,-1.65349263659697
"cell_159","scRNA","Immune","BAM NN","cl_Immune_BAM_NN_1","cl_Immune_BAM_NN_1_sub1","Other","E13.5",3,0.44585653510876,1.39466313220858,-0.310270965480046
"cell_160","Multiome","IP","IP IT","cl_IP_IP_IT_1","cl_IP_IP_IT_1_sub2","Other","P20",14,0.750375904841349,0.164534117605585,0.574872884002482
"cell_161","scRNA","IMN","IMN nonIT","cl_IMN_IMN_nonIT_1","cl_IMN_IMN_nonIT_1_sub3","Other","E17",7,0.795538619626313,1.57785197879348,-0.523232154380118
"cell_162","scRNA","OPC-Oligo","OPC NN","cl_OPC-Oligo_OPC_NN_1","cl_OPC-Oligo_OPC_NN_1_sub1","Other","P25",15,0.390698857139796,-0.0619226576195498,-0.0599182013481885
"cell_163","scRNA","CR Glut","CR Glut","cl_CR_Glut_CR_Glut_2","cl_CR_Glut_CR_Glut_2_sub1","Glutamate","E18.5",8,0.0148478888440877,0.613922964193686,-0.0210075354337069
"cell_164","scRNA","NonIT Glut","L5 ET CTX Glut","cl_NonIT_Glut_L5_ET_CTX_Glut_2","cl_NonIT_Glut_L5_ET_CTX_Glut_2_sub2","Glutamate","E10.5",1,0.743414826691151,-1.54608859424524,-0.723653214316312
"cell_165","scRNA","NonIT Glut","L5 ET CTX Glut","cl_NonIT_Glut_L5_ET_CTX_Glut_2","cl_NonIT_Glut_L5_ET_CTX_Glut_2_sub3","Glutamate","E15.5",5,0.0683851786889136,-0.112391961337408,-0.994479836178391
"cell_166","scRNA","GABA","Lamp5 Gaba","cl_GABA_Lamp5_Gaba_2","cl_GABA_Lamp5_Gaba_2_sub2","GABA","P56",17,0.532020630780607,-0.0217945399608857,-0.199867234998128
"cell_167","scRNA","CR Glut","CR Glut","cl_CR_Glut_CR_Glut_2","cl_CR_Glut_CR_Glut_2_sub2","Glutamate","E16.5",6,0.122630413854495,-0.758345417416545,-0.347027822807086
"cell_168","Multiome","IP","IP IT","cl_IP_IP_IT_1","cl_IP_IP_IT_1_sub1","Other","P1",10,0.675769999157637,-1.0358928844223,0.834095065661453
"cell_169","scRNA","NonIT Glut","L5 ET CTX Glut","cl_NonIT_Glut_L5_ET_CTX_Glut_2","cl_NonIT_Glut_L5_ET_CTX_Glut_2_sub1","Glutamate","P10",12,0.0560200677718967,0.948159302551811,1.52988221249492
"cell_170","Multiome","IP","IP IT","cl_IP_IP_IT_1","cl_IP_IP_IT_1_sub2","Other","E18.5",8,0.798009385820478,0.91415873392772,-0.0119223793666472
"cell_171","scRNA","Vascular","Peri NN","cl_Vascular_Peri_NN_1","cl_Vascular_Peri_NN_1_sub3","Other","P28",16,0.662604964571074,-1.29873199484646,0.398671992491547
"cell_172","scRNA","Immune","BAM NN","cl_Immune_BAM_NN_1","cl_Immune_BAM_NN_1_sub3","Other","E17",7,0.24424139666371,0.424378794934342,-0.0704153139057291
"cell_173","scRNA","GABA","Vip Gaba","cl_GABA_Vip_Gaba_2","cl_GABA_Vip_Gaba_2_sub3","GABA","E17",7,0.160372437210754,-1.11254531995509,0.601359843881131
"cell_174","scRNA","Immune","BAM NN","cl_Immune_BAM_NN_1","cl_Immune_BAM_NN_1_sub2","Other","E10.5",1,0.057999900309369,-1.05107322618156,0.218495462278797
"cell_175","scRNA","NonIT Glut","L6b CTX Glut","cl_NonIT_Glut_L6b_CTX_Glut_1","cl_NonIT_Glut_L6b_CTX_Glut_1_sub3","Glutamate","P5",11,0.0152111938223243,0.525412448266356,0.236595501860209
"cell_176","Multiome","GABA","Lamp5 Gaba","cl_GABA_Lamp5_Gaba_1","cl_GABA_Lamp5_Gaba_1_sub3","GABA","E13.5",3,0.833354771602899,-0.686024000093054,1.112915127616
"cell_177","scRNA","GABA","Pvalb Gaba","cl_GABA_Pvalb_Gaba_2","cl_GABA_Pvalb_Gaba_2_sub2","GABA","P56",17,0.2618772177957,0.993479982122214,-0.987421149395455
"cell_178","scRNA","IP","IP nonIT","cl_IP_IP_nonIT_2","cl_IP_IP_nonIT_2_sub2","Other","E13.5",3,0.055414826143533,0.0385235990753455,1.44786401312549
"cell_179","Multiome","RG","RG","cl_RG_RG_1","cl_RG_RG_1_sub2","Other","P20",14,0.348033432848752,0.536148975785724,0.349112412179829
"cell_180","scRNA","Glioblast","Glioblast","cl_Glioblast_Glioblast_1","cl_Glioblast_Glioblast_1_sub2","Other","E15.5",5,0.580218408955261,-0.523626697886161,0.180822010712195
"cell_181","scRNA","Vascular","Peri NN","cl_Vascular_Peri_NN_1","cl_Vascular_Peri_NN_1_sub2","Other","E18.5",8,0.804218275705352,-1.15122133494359,-0.560241851130579
"cell_182","Multiome","GABA","Sst Gaba","cl_GABA_Sst_Gaba_1","cl_GABA_Sst_Gaba_1_sub1","GABA","P1",10,0.340265726437792,0.914752241002756,-0.163877591582529
"cell_183","scRNA","Vascular","Endo NN","cl_Vascular_Endo_NN_1","cl_Vascular_Endo_NN_1_sub3","Other","P56",17,0.134850330883637,0.238071491562714,0.373684804430444
"cell_184","scRNA","GABA","Lamp5 Gaba","cl_GABA_Lamp5_Gaba_2","cl_GABA_Lamp5_Gaba_2_sub1","GABA","P0",9,0.773612920194864,-0.239067759454706,-2.06371425739842
"cell_185","scRNA","Glioblast","Glioblast","cl_Glioblast_Glioblast_2","cl_Glioblast_Glioblast_2_sub2","Other","E13.5",3,0.877237849868834,0.0692353265457363,-0.601521948838092
"cell_186","scRNA","IT Glut","L6 IT CTX Glut","cl_IT_Glut_L6_IT_CTX_Glut_1","cl_IT_Glut_L6_IT_CTX_Glut_1_sub3","Glutamate","E15.5",5,0.987968035042286,1.32590834259925,0.58599161230581
"cell_187","scRNA","IP","IP IT","cl_IP_IP_IT_2","cl_IP_IP_IT_2_sub2","Other","P28",16,0.654818585142493,-0.698166634620072,-0.294481786351775
"cell_188","Multiome","IP","IP IT","cl_IP_IP_IT_1","cl_IP_IP_IT_1_sub2","Other","E13.5",3,0.254027303308249,-0.749408444463181,-0.800527545484263
"cell_189","scRNA","IP","IP IT","cl_IP_IP_IT_1","cl_IP_IP_IT_1_sub3","Other","E13.5",3,0.6414555599913,-0.619615052707355,-0.63569453113499
"cell_190","scRNA","CR Glut","CR Glut","cl_CR_Glut_CR_Glut_1","cl_CR_Glut_CR_Glut_1_sub1","Glutamate","P15",13,0.450612380634993,-1.58499126820987,0.235749032414043
"cell_191","Multiome","Immune","BAM NN","cl_Immune_BAM_NN_2","cl_Immune_BAM_NN_2_sub1","Other","E14.5",4,0.196961197070777,0.819628137503742,-1.63483238484751
"cell_192","scRNA","IMN","IMN IT","cl_IMN_IMN_IT_2","cl_IMN_IMN_IT_2_sub2","Other","P25",15,0.606187485391274,0.192369646744246,0.871229240582207
"cell_193","scRNA","Vascular","Peri NN","cl_Vascular_Peri_NN_1","cl_Vascular_Peri_NN_1_sub2","Other","P15",13,0.974629749776796,0.207171974217929,-2.16893467443595
"cell_194","scRNA","GABA","Sst Gaba","cl_GABA_Sst_Gaba_1","cl_GABA_Sst_Gaba_1_sub3","GABA","P10",12,0.199174381326884,-0.0433473543476873,-0.503339522315559
"cell_195","scRNA","Immune","Microglia NN","cl_Immune_Microglia_NN_1","cl_Immune_Microglia_NN_1_sub1","Other","P15",13,0.434758973540738,-0.51016044142411,-0.787182478973487
"cell_196","scRNA","NonIT Glut","L6b CTX Glut","cl_NonIT_Glut_L6b_CTX_Glut_1","cl_NonIT_Glut_L6b_CTX_Glut_1_sub3","Glutamate","P15",13,0.339538734639063,-0.823418613776224,-1.24860020954842
"cell_197","scRNA","Immune","Microglia NN","cl_Immune_Microglia_NN_2","cl_Immune_Microglia_NN_2_sub1","Other","E13.5",3,0.0340082424227148,0.851856403292673,-1.07790734011295
"cell_198","scRNA","IT Glut","L2/3 IT CTX Glut","cl_IT_Glut_L2/3_IT_CTX_Glut_2","cl_IT_Glut_L2/3_IT_CTX_Glut_2_sub3","Glutamate","E15.5",5,0.0991985632572323,-1.42618467292015,0.250077353605602
"cell_199","Multiome","NEC","NEC","cl_NEC_NEC_2","cl_NEC_NEC_2_sub1","Other","P15",13,0.419232832733542,0.440298941965411,-0.11977403121588
"cell_200","scRNA","IT Glut","L5 IT CTX Glut","cl_IT_Glut_L5_IT_CTX_Glut_1","cl_IT_Glut_L5_IT_CTX_Glut_1_sub2","Glutamate","P10",12,0.0473383399657905,-0.792611650757684,-0.30085263245286
"cell_201","scRNA","Vascular","Peri NN","cl_Vascular_Peri_NN_1","cl_Vascular_Peri_NN_1_sub1","Other","E18.5",8,0.0265292769763619,0.282310214545467,-2.32076377558186
"cell_202","Multiome","OPC-Oligo","OPC NN","cl_OPC-Oligo_OPC_NN_1","cl_OPC-Oligo_OPC_NN_1_sub3","Other","E16.5",6,0.1735120464582,-0.740690522190153,-1.32432071149579
"cell_203","scRNA","IP","IP IT","cl_IP_IP_IT_1","cl_IP_IP_IT_1_sub1","Other","P28",16,0.378086534328759,-0.52334168268403,-0.131307112462703
"cell_204","scRNA","Vascular","Peri NN","cl_Vascular_Peri_NN_2","cl_Vascular_Peri_NN_2_sub1","Other","P5",11,0.588322784285992,1.76936591702701,-0.87803515301306
"cell_205","Multiome","NonIT Glut","L6b CTX Glut","cl_NonIT_Glut_L6b_CTX_Glut_1","cl_NonIT_Glut_L6b_CTX_Glut_1_sub1","Glutamate","P10",12,0.336429670220241,0.668282618933512,-0.796768930311008
"cell_206","scRNA","GABA","Vip Gaba","cl_GABA_Vip_Gaba_1","cl_GABA_Vip_Gaba_1_sub1","GABA","P28",16,0.49454828677699,-2.14489702427566,1.0495407129977
"cell_207","scRNA","NonIT Glut","L6 CT CTX Glut","cl_NonIT_Glut_L6_CT_CTX_Glut_1","cl_NonIT_Glut_L6_CT_CTX_Glut_1_sub3","Glutamate","P25",15,0.752326674759388,0.126412416100317,0.175588348517341
"cell_208","scRNA","Immune","Microglia NN","cl_Immune_Microglia_NN_1","cl_Immune_Microglia_NN_1_sub2","Other","E10.5",1,0.169062111992389,-0.451812936257225,-1.04384462163877
"cell_209","Multiome","Vascular","Peri NN","cl_Vascular_Peri_NN_1","cl_Vascular_Peri_NN_1_sub2","Other","P10",12,0.843631636584178,-1.13662618777767,-0.468696015002214
"cell_210","scRNA","GABA","Lamp5 Gaba","cl_GABA_Lamp5_Gaba_1","cl_GABA_Lamp5_Gaba_1_sub3","GABA","P1",10,0.320302856387571,0.209785890431194,-0.284903481550869
"cell_211","Multiome","Immune","Microglia NN","cl_Immune_Microglia_NN_1","cl_Immune_Microglia_NN_1_sub1","Other","P1",10,0.233887216309085,0.129965516019362,-0.680295181235103
"cell_212","scRNA","NonIT Glut","L5 ET CTX Glut","cl_NonIT_Glut_L5_ET_CTX_Glut_2","cl_NonIT_Glut_L5_ET_CTX_Glut_2_sub2","Glutamate","E14.5",4,0.309993565781042,-0.328506572568084,-0.964053610494564
"cell_213","scRNA","GABA","Lamp5 Gaba","cl_GABA_Lamp5_Gaba_1","cl_GABA_Lamp5_Gaba_1_sub2","GABA","P0",9,0.789909963263199,1.97270356733745,-0.0518040820003942
"cell_214","scRNA","NonIT Glut","L5 ET CTX Glut","cl_NonIT_Glut_L5_ET_CTX_Glut_2","cl_NonIT_Glut_L5_ET_CTX_Glut_2_sub2","Glutamate","E15.5",5,0.254507749108598,-2.24869006681656,0.741194719519762
"cell_215","scRNA","IT Glut","L2/3 IT CTX Glut","cl_IT_Glut_L2/3_IT_CTX_Glut_1","cl_IT_Glut_L2/3_IT_CTX_Glut_1_sub3","Glutamate","P0",9,0.922823525732383,0.838219387278492,0.226852003567295
"cell_216","scRNA","GABA","Sst Gaba","cl_GABA_Sst_Gaba_1","cl_GABA_Sst_Gaba_1_sub3","GABA","E13.5",3,0.148353497497737,-0.289023270462573,-0.200147012715761
"cell_217","scRNA","Immune","Microglia NN","cl_Immune_Microglia_NN_1","cl_Immune_Microglia_NN_1_sub1","Other","E12.5",2,0.216477806447074,0.656513410579383,0.387820244768823
"cell_218","scRNA","NEC","NEC","cl_NEC_NEC_1","cl_NEC_NEC_1_sub2","Other","P10",12,0.626091811805964,-0.453997700638682,0.793918367051497
"cell_219","scRNA","Vascular","Endo NN","cl_Vascular_Endo_NN_2","cl_Vascular_Endo_NN_2_sub1","Other","P25",15,0.257070173276588,-0.593864562445098,-0.140513958248364
"cell_220","scRNA","Vascular","VLMC NN","cl_Vascular_VLMC_NN_1","cl_Vascular_VLMC_NN_1_sub3","Other","P56",17,0.707173747709021,-1.71037966639463,0.455805198945874
"cell_221","scRNA","IP","IP nonIT","cl_IP_IP_nonIT_2","cl_IP_IP_nonIT_2_sub3","Other","E13.5",3,0.742405218305066,-0.209448428272738,-1.14557290708596
"cell_222","scRNA","Vascular","Endo NN","cl_Vascular_Endo_NN_2","cl_Vascular_Endo_NN_2_sub1","Other","E17",7,0.262356393504888,2.47874580135709,-0.249650688168871
"cell_223","Multiome","IT Glut","L5 IT CTX Glut","cl_IT_Glut_L5_IT_CTX_Glut_2","cl_IT_Glut_L5_IT_CTX_Glut_2_sub1","Glutamate","P15",13,0.572619807906449,0.989702208129369,-0.420298275494042
"cell_224","scRNA","OPC-Oligo","Oligo NN","cl_OPC-Oligo_Oligo_NN_1","cl_OPC-Oligo_Oligo_NN_1_sub1","Other","P20",14,0.915648627793416,1.67557215582683,0.195664503560041
"cell_225","scRNA","RG","RG","cl_RG_RG_1","cl_RG_RG_1_sub1","Other","E12.5",2,0.70842005033046,0.914965318314041,0.357319513842984
"cell_226","Multiome","GABA","Lamp5 Gaba","cl_GABA_Lamp5_Gaba_2","cl_GABA_Lamp5_Gaba_2_sub1","GABA","P0",9,0.844355070730671,1.14426270796186,-0.123617978997338
"cell_227","scRNA","Glioblast","Glioblast","cl_Glioblast_Glioblast_2","cl_Glioblast_Glioblast_2_sub1","Other","P25",15,0.91994241415523,0.902876414499107,-0.766214222789801
"cell_228","Multiome","IT Glut","L2/3 IT CTX Glut","cl_IT_Glut_L2/3_IT_CTX_Glut_2","cl_IT_Glut_L2/3_IT_CTX_Glut_2_sub1","Glutamate","E10.5",1,0.294634674442932,0.475392431765103,-0.929714216784719
"cell_229","scRNA","IT Glut","L6 IT CTX Glut","cl_IT_Glut_L6_IT_CTX_Glut_1","cl_IT_Glut_L6_IT_CTX_Glut_1_sub2","Glutamate","P1",10,0.6506526642479,-0.582528773997008,0.278520610602079
"cell_230","scRNA","IMN","IMN nonIT","cl_IMN_IMN_nonIT_2","cl_IMN_IMN_nonIT_2_sub3","Other","P0",9,0.141766190296039,-0.532934737323476,1.35683685227542
"cell_231","scRNA","IMN","IMN nonIT","cl_IMN_IMN_nonIT_2","cl_IMN_IMN_nonIT_2_sub2","Other","P0",9,0.853531681932509,-1.60083999637529,-0.787135594929695
"cell_232","scRNA","GABA","Vip Gaba","cl_GABA_Vip_Gaba_1","cl_GABA_Vip_Gaba_1_sub3","GABA","E17",7,0.666006616083905,-0.00581771387999253,-0.384798672297195
"cell_233","scRNA","IT Glut","L4/5 IT CTX Glut","cl_IT_Glut_L4/5_IT_CTX_Glut_1","cl_IT_Glut_L4/5_IT_CTX_Glut_1_sub1","Glutamate","P10",12,0.733326679328457,0.899355675856713,0.330680560251943
"cell_234","scRNA","NonIT Glut","L6 CT CTX Glut","cl_NonIT_Glut_L6_CT_CTX_Glut_2","cl_NonIT_Glut_L6_CT_CTX_Glut_2_sub3","Glutamate","E16.5",6,0.314740349305794,1.03192255652607,-0.55462045006283
"cell_235","scRNA","Glioblast","Glioblast","cl_Glioblast_Glioblast_1","cl_Glioblast_Glioblast_1_sub3","Other","E17",7,0.667717940174043,0.0951327044554184,0.121572314820453
"cell_236","scRNA","IP","IP nonIT","cl_IP_IP_nonIT_2","cl_IP_IP_nonIT_2_sub2","Other","P28",16,0.463886711513624,-0.547627617221911,-0.0475961169783602
"cell_237","scRNA","Vascular","Peri NN","cl_Vascular_Peri_NN_2","cl_Vascular_Peri_NN_2_sub2","Other","P28",16,0.650282931281254,3.29051744331853,-0.776251590566683
"cell_238","scRNA","IT Glut","L2/3 IT CTX Glut","cl_IT_Glut_L2/3_IT_CTX_Glut_1","cl_IT_Glut_L2/3_IT_CTX_Glut_1_sub1","Glutamate","E12.5",2,0.785775208147243,0.736685531250424,0.831441251138312
"cell_239","scRNA","IMN","IMN IT","cl_IMN_IMN_IT_1","cl_IMN_IMN_IT_1_sub3","Other","E12.5",2,0.901704200776294,1.42057530487914,0.84630783722297
"cell_240","scRNA","IMN","IMN nonIT","cl_IMN_IMN_nonIT_1","cl_IMN_IMN_nonIT_1_sub1","Other","P20",14,0.527407548157498,-0.337680640667324,1.0241395066572
"cell_241","Multiome","IT Glut","L5 IT CTX Glut","cl_IT_Glut_L5_IT_CTX_Glut_1","cl_IT_Glut_L5_IT_CTX_Glut_1_sub1","Glutamate","E17",7,0.158109048381448,-0.0379576270545946,1.26799658618238
"cell_242","scRNA","IMN","IMN nonIT","cl_IMN_IMN_nonIT_2","cl_IMN_IMN_nonIT_2_sub3","Other","E16.5",6,0.26961875311099,0.448607097706726,-0.506361787922575
"cell_243","scRNA","IP","IP nonIT","cl_IP_IP_nonIT_2","cl_IP_IP_nonIT_2_sub1","Other","E14.5",4,0.134540214436129,1.67652231194829,-0.464481896508305
"cell_244","scRNA","OPC-Oligo","Oligo NN","cl_OPC-Oligo_Oligo_NN_1","cl_OPC-Oligo_Oligo_NN_1_sub2","Other","E13.5",3,0.237557555316016,-0.311474545456128,0.26121800049174
"cell_245","Multiome","IMN","IMN IT","cl_IMN_IMN_IT_2","cl_IMN_IMN_IT_2_sub2","Other","P20",14,0.723056622082368,0.853615666783069,0.630080976551625
"cell_246","scRNA","GABA","Sst Gaba","cl_GABA_Sst_Gaba_1","cl_GABA_Sst_Gaba_1_sub2","GABA","P20",14,0.627125432249159,-2.09481463432023,-0.339626156224904
"cell_247","Multiome","GABA","Sst Gaba","cl_GABA_Sst_Gaba_1","cl_GABA_Sst_Gaba_1_sub3","GABA","P28",16,0.452364492695779,-0.507254434081633,-0.423344808400481
"cell_248","scRNA","OPC-Oligo","Oligo NN","cl_OPC-Oligo_Oligo_NN_2","cl_OPC-Oligo_Oligo_NN_2_sub2","Other","P1",10,0.634306973544881,-1.29200907676331,-0.618271527554652
"cell_249","scRNA","NonIT Glut","L6 CT CTX Glut","cl_NonIT_Glut_L6_CT_CTX_Glut_1","cl_NonIT_Glut_L6_CT_CTX_Glut_1_sub1","Glutamate","P10",12,0.529496879549697,1.1133627173571,1.48220189072674
"cell_250","scRNA","IMN","IMN IT","cl_IMN_IMN_IT_1","cl_IMN_IMN_IT_1_sub3","Other","E13.5",3,0.330106385750696,-0.164453088280257,-2.50816635204148
"cell_251","Multiome","GABA","Lamp5 Gaba","cl_GABA_Lamp5_Gaba_2","cl_GABA_Lamp5_Gaba_2_sub2","GABA","E10.5",1,0.77073736069724,-0.390374082006742,-0.16757803378388
"cell_252","scRNA","IMN","IMN nonIT","cl_IMN_IMN_nonIT_1","cl_IMN_IMN_nonIT_1_sub3","Other","P10",12,0.63498916872777,1.36909984619857,0.0382128770535341
"cell_253","Multiome","IT Glut","L6 IT CTX Glut","cl_IT_Glut_L6_IT_CTX_Glut_2","cl_IT_Glut_L6_IT_CTX_Glut_2_sub2","Glutamate","P56",17,0.77436368400231,1.11627285824002,-1.05960960299357
"cell_254","scRNA","Vascular","VLMC NN","cl_Vascular_VLMC_NN_1","cl_Vascular_VLMC_NN_1_sub2","Other","E10.5",1,0.178849163930863,-0.898021203467497,0.385425894820638
"cell_255","scRNA","GABA","Pvalb Gaba","cl_GABA_Pvalb_Gaba_1","cl_GABA_Pvalb_Gaba_1_sub2","GABA","E14.5",4,0.396402273792773,0.427866487609647,-1.96708768381011
"cell_256","scRNA","IP","IP nonIT","cl_IP_IP_nonIT_1","cl_IP_IP_nonIT_1_sub3","Other","P15",13,0.962715865811333,-1.22844456851225,0.954968861111918
"cell_257","scRNA","IT Glut","L5 IT CTX Glut","cl_IT_Glut_L5_IT_CTX_Glut_2","cl_IT_Glut_L5_IT_CTX_Glut_2_sub1","Glutamate","P25",15,0.377313619246706,-0.475615024211179,-1.6633605848706
"cell_258","scRNA","GABA","Sst Gaba","cl_GABA_Sst_Gaba_2","cl_GABA_Sst_Gaba_2_sub1","GABA","P15",13,0.077554949792102,1.61657763714695,-2.20273488009703
"cell_259","scRNA","IMN","IMN nonIT","cl_IMN_IMN_nonIT_2","cl_IMN_IMN_nonIT_2_sub2","Other","P20",14,0.529335109051317,1.45012795133044,-0.763563825792029
"cell_260","Multiome","IP","IP IT","cl_IP_IP_IT_2","cl_IP_IP_IT_2_sub3","Other","P10",12,0.949723993660882,1.10901875546684,0.162080393912321
"cell_261","scRNA","OPC-Oligo","OPC NN","cl_OPC-Oligo_OPC_NN_2","cl_OPC-Oligo_OPC_NN_2_sub1","Other","E17",7,0.856113054091111,-0.570903886330324,-0.651567164764164
"cell_262","scRNA","IT Glut","L4/5 IT CTX Glut","cl_IT_Glut_L4/5_IT_CTX_Glut_1","cl_IT_Glut_L4/5_IT_CTX_Glut_1_sub1","Glutamate","E14.5",4,0.549436143832281,-1.88143147027555,-0.559286995277619
"cell_263","scRNA","OPC-Oligo","OPC NN","cl_OPC-Oligo_OPC_NN_1","cl_OPC-Oligo_OPC_NN_1_sub1","Other","E14.5",4,0.66495354170911,-1.17569818402416,0.333204975057779
"cell_264","scRNA","OPC-Oligo","Oligo NN","cl_OPC-Oligo_Oligo_NN_1","cl_OPC-Oligo_Oligo_NN_1_sub1","Other","E13.5",3,0.500448136590421,0.95255652462752,-1.05890092148845
"cell_265","scRNA","IT Glut","L6 IT CTX Glut","cl_IT_Glut_L6_IT_CTX_Glut_2","cl_IT_Glut_L6_IT_CTX_Glut_2_sub1","Glutamate","P5",11,0.92407216085121,-0.290567886165088,-0.0858495457604726
"cell_266","Multiome","GABA","Sst Gaba","cl_GABA_Sst_Gaba_2","cl_GABA_Sst_Gaba_2_sub3","GABA","P28",16,0.091927953530103,-2.16260814556798,0.497932992929395
"cell_267","scRNA","GABA","Pvalb Gaba","cl_GABA_Pvalb_Gaba_2","cl_GABA_Pvalb_Gaba_2_sub3","GABA","P25",15,0.496953357476741,-0.180187487716462,1.63398965670861
"cell_268","Multiome","GABA","Sst Gaba","cl_GABA_Sst_Gaba_2","cl_GABA_Sst_Gaba_2_sub3","GABA","P5",11,0.782224094029516,1.41023922112458,0.479451881240197
"cell_269","Multiome","IP","IP IT","cl_IP_IP_IT_1","cl_IP_IP_IT_1_sub2","Other","E16.5",6,0.869846874149516,0.643468640519534,1.71476299216676
"cell_270","Multiome","Vascular","VLMC NN","cl_Vascular_VLMC_NN_1","cl_Vascular_VLMC_NN_1_sub3","Other","E15.5",5,0.901552329305559,-0.821258543529422,0.453160033529716
"cell_271","scRNA","Immune","Microglia NN","cl_Immune_Microglia_NN_2","cl_Immune_Microglia_NN_2_sub1","Other","E12.5",2,0.811382487881929,-1.54591665206502,-0.00324112682536025
"cell_272","scRNA","Immune","Microglia NN","cl_Immune_Microglia_NN_2","cl_Immune_Microglia_NN_2_sub1","Other","P56",17,0.15372962737456,-0.826547225636788,-2.25653485624939
"cell_273","scRNA","GABA","Sst Gaba","cl_GABA_Sst_Gaba_2","cl_GABA_Sst_Gaba_2_sub1","GABA","E15.5",5,0.729758727829903,0.0345276713215226,-1.22465855193064
"cell_274","Multiome","Vascular","Peri NN","cl_Vascular_Peri_NN_2","cl_Vascular_Peri_NN_2_sub1","Other","P25",15,0.759502933127806,0.888073700912057,-0.318962623738223
"cell_275","Multiome","IT Glut","L6 IT CTX Glut","cl_IT_Glut_L6_IT_CTX_Glut_1","cl_IT_Glut_L6_IT_CTX_Glut_1_sub3","Glutamate","E13.5",3,0.660819487413391,-1.93994015479026,0.712270455853783
"cell_276","Multiome","IT Glut","L6 IT CTX Glut","cl_IT_Glut_L6_IT_CTX_Glut_2","cl_IT_Glut_L6_IT_CTX_Glut_2_sub1","Glutamate","P25",15,0.908035086235031,1.02320175527412,-0.32251357317817
"cell_277","Multiome","GABA","Lamp5 Gaba","cl_GABA_Lamp5_Gaba_2","cl_GABA_Lamp5_Gaba_2_sub1","GABA","E13.5",3,0.38978386647068,0.00545772658802192,0.543648621254837
"cell_278","scRNA","OPC-Oligo","OPC NN","cl_OPC-Oligo_OPC_NN_2","cl_OPC-Oligo_OPC_NN_2_sub2","Other","E12.5",2,0.956978344824165,0.569778969605828,-1.06381135183874
"cell_279","scRNA","CR Glut","CR Glut","cl_CR_Glut_CR_Glut_2","cl_CR_Glut_CR_Glut_2_sub2","Glutamate","E15.5",5,0.4565863693133,-1.65325556323487,-0.274129717350557
"cell_280","scRNA","Glioblast","Glioblast","cl_Glioblast_Glioblast_2","cl_Glioblast_Glioblast_2_sub2","Other","E15.5",5,0.195008594542742,-0.666654380122181,0.21700603247715
"cell_281","scRNA","GABA","Lamp5 Gaba","cl_GABA_Lamp5_Gaba_2","cl_GABA_Lamp5_Gaba_2_sub3","GABA","E17",7,0.590719233034179,-0.448234189265524,-0.359385718165611
"cell_282","scRNA","Vascular","Endo NN","cl_Vascular_Endo_NN_2","cl_Vascular_Endo_NN_2_sub1","Other","E12.5",2,0.155398693401366,1.04389134830903,0.11283169498315
"cell_283","Multiome","Immune","Microglia NN","cl_Immune_Microglia_NN_1","cl_Immune_Microglia_NN_1_sub3","Other","P28",16,0.5194960788358,1.02817404739542,-0.670748026053257
"cell_284","scRNA","Vascular","VLMC NN","cl_Vascular_VLMC_NN_1","cl_Vascular_VLMC_NN_1_sub3","Other","E18.5",8,0.412839690921828,0.435090459248337,0.374345223259504
"cell_285","Multiome","IMN","IMN nonIT","cl_IMN_IMN_nonIT_1","cl_IMN_IMN_nonIT_1_sub1","Other","P0",9,0.827216950245202,1.60421218162388,-0.0810548925112574
"cell_286","scRNA","OPC-Oligo","OPC NN","cl_OPC-Oligo_OPC_NN_1","cl_OPC-Oligo_OPC_NN_1_sub1","Other","P20",14,0.563095880206674,-0.515411199745366,-0.0470493466531285
"cell_287","scRNA","IP","IP nonIT","cl_IP_IP_nonIT_2","cl_IP_IP_nonIT_2_sub1","Other","E15.5",5,0.456475481856614,1.01253719377392,-1.94878708644615
"cell_288","Multiome","GABA","Sst Gaba","cl_GABA_Sst_Gaba_2","cl_GABA_Sst_Gaba_2_sub1","GABA","P15",13,0.1923486252781,-0.035940029790719,-0.673668581278741
"cell_289","Multiome","RG","RG","cl_RG_RG_2","cl_RG_RG_2_sub1","Other","P28",16,0.471946834819391,-0.667342096176409,-1.48964408489825
"cell_290","scRNA","Immune","BAM NN","cl_Immune_BAM_NN_2","cl_Immune_BAM_NN_2_sub3","Other","E17",7,0.23250024439767,0.923380038330838,-1.6057180576203
"cell_291","scRNA","CR Glut","CR Glut","cl_CR_Glut_CR_Glut_2","cl_CR_Glut_CR_Glut_2_sub3","Glutamate","E18.5",8,0.314079710748047,1.3811003308495,-0.493883100845236
"cell_292","Multiome","Immune","BAM NN","cl_Immune_BAM_NN_2","cl_Immune_BAM_NN_2_sub3","Other","P28",16,0.866852045292035,0.878250416184849,-0.160798367745603
"cell_293","scRNA","IT Glut","L2/3 IT CTX Glut","cl_IT_Glut_L2/3_IT_CTX_Glut_2","cl_IT_Glut_L2/3_IT_CTX_Glut_2_sub3","Glutamate","P25",15,0.444987307069823,-0.509403455422263,0.283600225800619
"cell_294","Multiome","NonIT Glut","L5 ET CTX Glut","cl_NonIT_Glut_L5_ET_CTX_Glut_1","cl_NonIT_Glut_L5_ET_CTX_Glut_1_sub2","Glutamate","E13.5",3,0.433928418904543,-0.469787634155099,1.09126265030032
"cell_295","scRNA","OPC-Oligo","OPC NN","cl_OPC-Oligo_OPC_NN_1","cl_OPC-Oligo_OPC_NN_1_sub3","Other","P56",17,0.472588081145659,1.377675846806,0.444400296922585
"cell_296","scRNA","Vascular","Peri NN","cl_Vascular_Peri_NN_1","cl_Vascular_Peri_NN_1_sub2","Other","E17",7,0.833401712356135,0.352826406417748,1.01207034075848
"cell_297","scRNA","Vascular","Endo NN","cl_Vascular_Endo_NN_1","cl_Vascular_Endo_NN_1_sub2","Other","P15",13,0.0103411078453064,0.829573979321121,-0.526310287634533
"cell_298","scRNA","OPC-Oligo","Oligo NN","cl_OPC-Oligo_Oligo_NN_1","cl_OPC-Oligo_Oligo_NN_1_sub2","Other","E13.5",3,0.309129474451765,-0.338701983664307,-0.307840173188787
"cell_299","Multiome","Vascular","VLMC NN","cl_Vascular_VLMC_NN_2","cl_Vascular_VLMC_NN_2_sub2","Other","P15",13,0.086152971489355,1.26103493646465,1.08516888442625
"cell_300","Multiome","Immune","Microglia NN","cl_Immune_Microglia_NN_1","cl_Immune_Microglia_NN_1_sub3","Other","P20",14,0.823007093043998,-0.808755144962193,0.00120718393810378
"cell_301","scRNA","NonIT Glut","L6b CTX Glut","cl_NonIT_Glut_L6b_CTX_Glut_2","cl_NonIT_Glut_L6b_CTX_Glut_2_sub2","Glutamate","E14.5",4,0.471107213757932,0.625351520866631,-1.68024471568337
"cell_302","Multiome","NEC","NEC","cl_NEC_NEC_1","cl_NEC_NEC_1_sub3","Other","P28",16,0.532335925614461,-0.817174965568112,-0.846555519092125
"cell_303","scRNA","GABA","Pvalb Gaba","cl_GABA_Pvalb_Gaba_1","cl_GABA_Pvalb_Gaba_1_sub1","GABA","P0",9,0.395395429106429,-2.46257501658577,1.00759205983273
"cell_304","scRNA","IMN","IMN nonIT","cl_IMN_IMN_nonIT_1","cl_IMN_IMN_nonIT_1_sub3","Other","P28",16,0.454437169479206,-1.34295751067967,-0.61073725767746
"cell_305","scRNA","NonIT Glut","L6 CT CTX Glut","cl_NonIT_Glut_L6_CT_CTX_Glut_2","cl_NonIT_Glut_L6_CT_CTX_Glut_2_sub3","Glutamate","P0",9,0.114900947082788,0.136295199210162,0.333444132777122
"cell_306","Multiome","IT Glut","L5 IT CTX Glut","cl_IT_Glut_L5_IT_CTX_Glut_1","cl_IT_Glut_L5_IT_CTX_Glut_1_sub3","Glutamate","E15.5",5,0.0310908427927643,0.882922749625827,0.0142226956806451
"cell_307","scRNA","GABA","Pvalb Gaba","cl_GABA_Pvalb_Gaba_2","cl_GABA_Pvalb_Gaba_2_sub1","GABA","P20",14,0.0232108787167817,-1.75130208309482,-0.496357607349662
"cell_308","scRNA","GABA","Lamp5 Gaba","cl_GABA_Lamp5_Gaba_2","cl_GABA_Lamp5_Gaba_2_sub3","GABA","P10",12,0.0775193453300744,-1.25142446891953,-0.350786392406381
"cell_309","Multiome","NonIT Glut","L6 CT CTX Glut","cl_NonIT_Glut_L6_CT_CTX_Glut_1","cl_NonIT_Glut_L6_CT_CTX_Glut_1_sub3","Glutamate","P20",14,0.361531095346436,1.76454599657549,0.391720547858095
"cell_310","scRNA","CR Glut","CR Glut","cl_CR_Glut_CR_Glut_2","cl_CR_Glut_CR_Glut_2_sub1","Glutamate","P15",13,0.761408725054935,-0.433899349823264,0.209578828892245
"cell_311","scRNA","IP","IP nonIT","cl_IP_IP_nonIT_2","cl_IP_IP_nonIT_2_sub3","Other","P25",15,0.743281641742215,0.505700131930601,1.23467013989917
"cell_312","scRNA","GABA","Sst Gaba","cl_GABA_Sst_Gaba_1","cl_GABA_Sst_Gaba_1_sub2","GABA","E18.5",8,0.0976922034751624,-0.526935321377321,-0.199819784434937
"cell_313","Multiome","Immune","Microglia NN","cl_Immune_Microglia_NN_1","cl_Immune_Microglia_NN_1_sub2","Other","P15",13,0.961905417498201,-0.298582885151505,-0.923208042026682
"cell_314","scRNA","NonIT Glut","L6b CTX Glut","cl_NonIT_Glut_L6b_CTX_Glut_2","cl_NonIT_Glut_L6b_CTX_Glut_2_sub2","Glutamate","E17",7,0.143204428488389,0.0872442066052375,0.165903101579443
"cell_315","scRNA","Vascular","Peri NN","cl_Vascular_Peri_NN_2","cl_Vascular_Peri_NN_2_sub2","Other","E15.5",5,0.484661741182208,0.0109618427990058,0.70533455324418
"cell_316","scRNA","NonIT Glut","L5 ET CTX Glut","cl_NonIT_Glut_L5_ET_CTX_Glut_2","cl_NonIT_Glut_L5_ET_CTX_Glut_2_sub2","Glutamate","E18.5",8,0.564910990186036,-0.192560211042065,2.28196695572699
"cell_317","scRNA","Vascular","VLMC NN","cl_Vascular_VLMC_NN_1","cl_Vascular_VLMC_NN_1_sub1","Other","P25",15,0.932305590482429,-0.469796485143739,-0.463683013103734
"cell_318","Multiome","GABA","Lamp5 Gaba","cl_GABA_Lamp5_Gaba_2","cl_GABA_Lamp5_Gaba_2_sub3","GABA","P20",14,0.82002477068454,-3.04786088979872,-0.326353571908267
"cell_319","scRNA","CR Glut","CR Glut","cl_CR_Glut_CR_Glut_1","cl_CR_Glut_CR_Glut_1_sub2","Glutamate","P28",16,0.533083039568737,1.8686555003337,0.882493210397949
"cell_320","scRNA","Glioblast","Glioblast","cl_Glioblast_Glioblast_2","cl_Glioblast_Glioblast_2_sub3","Other","E10.5",1,0.384468980366364,1.79042420824304,1.28128612650446
"cell_321","scRNA","NEC","NEC","cl_NEC_NEC_2","cl_NEC_NEC_2_sub2","Other","P20",14,0.545988312223926,-1.10108174171923,-0.658681856604975
"cell_322","scRNA","IP","IP IT","cl_IP_IP_IT_2","cl_IP_IP_IT_2_sub2","Other","P56",17,0.796727934852242,-0.168107522109968,0.664570454944413
"cell_323","scRNA","NonIT Glut","L5 ET CTX Glut","cl_NonIT_Glut_L5_ET_CTX_Glut_1","cl_NonIT_Glut_L5_ET_CTX_Glut_1_sub2","Glutamate","E17",7,0.62734336219728,1.37527530471249,-0.565157514042339
"cell_324","scRNA","IT Glut","L4/5 IT CTX Glut","cl_IT_Glut_L4/5_IT_CTX_Glut_2","cl_IT_Glut_L4/5_IT_CTX_Glut_2_sub1","Glutamate","E17",7,0.103957000654191,0.998290023052202,-0.962178270242238
"cell_325","scRNA","IT Glut","L5 IT CTX Glut","cl_IT_Glut_L5_IT_CTX_Glut_1","cl_IT_Glut_L5_IT_CTX_Glut_1_sub2","Glutamate","P15",13,0.191992509644479,1.27660161874577,0.623360901900257
"cell_326","Multiome","IP","IP IT","cl_IP_IP_IT_1","cl_IP_IP_IT_1_sub2","Other","P25",15,0.842110433615744,-1.0717469181598,0.106497772201071
"cell_327","Multiome","IT Glut","L5 IT CTX Glut","cl_IT_Glut_L5_IT_CTX_Glut_1","cl_IT_Glut_L5_IT_CTX_Glut_1_sub1","Glutamate","P10",12,0.479376612463966,2.57726809619797,0.38933087814222
"cell_328","scRNA","CR Glut","CR Glut","cl_CR_Glut_CR_Glut_2","cl_CR_Glut_CR_Glut_2_sub2","Glutamate","P20",14,0.777260588016361,-1.13345995977033,-0.580503496721951
"cell_329","scRNA","OPC-Oligo","OPC NN","cl_OPC-Oligo_OPC_NN_2","cl_OPC-Oligo_OPC_NN_2_sub2","Other","P56",17,0.818179134977981,0.753916341883287,1.79497795592676
"cell_330","scRNA","NEC","NEC","cl_NEC_NEC_2","cl_NEC_NEC_2_sub3","Other","P0",9,0.296933939913288,0.141275980445689,0.665288009047707
"cell_331","scRNA","GABA","Sst Gaba","cl_GABA_Sst_Gaba_2","cl_GABA_Sst_Gaba_2_sub3","GABA","P15",13,0.226709939306602,-0.403710317962031,-0.374402425652033
"cell_332","scRNA","Immune","BAM NN","cl_Immune_BAM_NN_2","cl_Immune_BAM_NN_2_sub2","Other","P20",14,0.620357893174514,-0.379415798181019,0.702748931010458
"cell_333","scRNA","OPC-Oligo","OPC NN","cl_OPC-Oligo_OPC_NN_2","cl_OPC-Oligo_OPC_NN_2_sub2","Other","E16.5",6,0.373875572811812,-0.991396812531003,-1.21451438389368
"cell_334","Multiome","GABA","Vip Gaba","cl_GABA_Vip_Gaba_2","cl_GABA_Vip_Gaba_2_sub1","GABA","E10.5",1,0.885972418123856,1.62265979575681,-0.137750126949227
"cell_335","scRNA","Immune","BAM NN","cl_Immune_BAM_NN_2","cl_Immune_BAM_NN_2_sub3","Other","P28",16,0.125531607773155,0.0895132277627515,1.40335789868052
"cell_336","Multiome","IT Glut","L4/5 IT CTX Glut","cl_IT_Glut_L4/5_IT_CTX_Glut_1","cl_IT_Glut_L4/5_IT_CTX_Glut_1_sub1","Glutamate","E18.5",8,0.157996590714902,0.259217949214378,-0.188839311604344
"cell_337","scRNA","Glioblast","Glioblast","cl_Glioblast_Glioblast_1","cl_Glioblast_Glioblast_1_sub2","Other","E15.5",5,0.63846252579242,0.209632833061035,0.910490371995549
"cell_338","scRNA","Vascular","Peri NN","cl_Vascular_Peri_NN_1","cl_Vascular_Peri_NN_1_sub2","Other","P1",10,0.186130561865866,-0.375170753060866,-0.221922000189912
"cell_339","Multiome","IMN","IMN nonIT","cl_IMN_IMN_nonIT_2","cl_IMN_IMN_nonIT_2_sub3","Other","P0",9,0.664508679648861,-1.13402124475505,-2.29802640030622
"cell_340","Multiome","NonIT Glut","L6b CTX Glut","cl_NonIT_Glut_L6b_CTX_Glut_1","cl_NonIT_Glut_L6b_CTX_Glut_1_sub1","Glutamate","E15.5",5,0.512025854550302,0.253726309683961,-0.880212545566096
"cell_341","Multiome","OPC-Oligo","Oligo NN","cl_OPC-Oligo_Oligo_NN_1","cl_OPC-Oligo_Oligo_NN_1_sub3","Other","P20",14,0.741619840497151,-2.09363944995893,0.22273568903497
"cell_342","scRNA","OPC-Oligo","OPC NN","cl_OPC-Oligo_OPC_NN_2","cl_OPC-Oligo_OPC_NN_2_sub3","Other","E10.5",1,0.336513029644266,-1.41856694283561,1.44655271093401
"cell_343","scRNA","GABA","Sst Gaba","cl_GABA_Sst_Gaba_2","cl_GABA_Sst_Gaba_2_sub1","GABA","P28",16,0.111268449574709,-1.07639669493838,-0.593402125000833
"cell_344","scRNA","NonIT Glut","L6 CT CTX Glut","cl_NonIT_Glut_L6_CT_CTX_Glut_2","cl_NonIT_Glut_L6_CT_CTX_Glut_2_sub3","Glutamate","E16.5",6,0.402289624325931,-1.07867886267235,0.275979011382551
"cell_345","scRNA","CR Glut","CR Glut","cl_CR_Glut_CR_Glut_2","cl_CR_Glut_CR_Glut_2_sub1","Glutamate","E18.5",8,0.542698740260676,0.107188816567081,-0.964819289479567
"cell_346","scRNA","Immune","BAM NN","cl_Immune_BAM_NN_1","cl_Immune_BAM_NN_1_sub3","Other","P20",14,0.740261287195608,1.59848754832474,-1.0164562413338
"cell_347","Multiome","GABA","Pvalb Gaba","cl_GABA_Pvalb_Gaba_2","cl_GABA_Pvalb_Gaba_2_sub1","GABA","P20",14,0.172570080962032,-1.51532414406497,-0.777316643416822
"cell_348","scRNA","GABA","Lamp5 Gaba","cl_GABA_Lamp5_Gaba_1","cl_GABA_Lamp5_Gaba_1_sub3","GABA","E18.5",8,0.586485426872969,0.433676020596611,1.36906206733358
"cell_349","Multiome","IP","IP IT","cl_IP_IP_IT_1","cl_IP_IP_IT_1_sub1","Other","P5",11,0.49984654225409,0.899544753321039,0.940310089910901
"cell_350","Multiome","Vascular","Endo NN","cl_Vascular_Endo_NN_2","cl_Vascular_Endo_NN_2_sub3","Other","E15.5",5,0.9363585668616,-0.989532202288876,0.5936651573177
"cell_351","Multiome","IP","IP nonIT","cl_IP_IP_nonIT_2","cl_IP_IP_nonIT_2_sub1","Other","P20",14,0.910303110256791,-0.0527994015224791,1.11546255343648
"cell_352","scRNA","OPC-Oligo","OPC NN","cl_OPC-Oligo_OPC_NN_1","cl_OPC-Oligo_OPC_NN_1_sub3","Other","E10.5",1,0.152906609233469,0.823610902622057,-0.424424996733506
"cell_353","scRNA","IP","IP nonIT","cl_IP_IP_nonIT_2","cl_IP_IP_nonIT_2_sub3","Other","E10.5",1,0.307297505205497,-0.255509102547389,0.759576936893122
"cell_354","scRNA","NonIT Glut","L6 CT CTX Glut","cl_NonIT_Glut_L6_CT_CTX_Glut_2","cl_NonIT_Glut_L6_CT_CTX_Glut_2_sub2","Glutamate","E15.5",5,0.69829416833818,-0.220684347251213,0.209629277871549
"cell_355","Multiome","IMN","IMN IT","cl_IMN_IMN_IT_1","cl_IMN_IMN_IT_1_sub1","Other","E13.5",3,0.763215241255239,0.307726791210618,-1.04910092481282
"cell_356","scRNA","NonIT Glut","L5 ET CTX Glut","cl_NonIT_Glut_L5_ET_CTX_Glut_2","cl_NonIT_Glut_L5_ET_CTX_Glut_2_sub3","Glutamate","E14.5",4,0.509869654662907,-0.0600132533332709,-0.831062222281743
"cell_357","Multiome","NonIT Glut","L6 CT CTX Glut","cl_NonIT_Glut_L6_CT_CTX_Glut_2","cl_NonIT_Glut_L6_CT_CTX_Glut_2_sub2","Glutamate","E13.5",3,0.226727172033861,-0.555652889939218,0.0500529319191458
"cell_358","scRNA","Vascular","VLMC NN","cl_Vascular_VLMC_NN_2","cl_Vascular_VLMC_NN_2_sub3","Other","P20",14,0.165861424058676,-0.138615019460891,0.205630061496544
"cell_359","scRNA","IP","IP nonIT","cl_IP_IP_nonIT_1","cl_IP_IP_nonIT_1_sub1","Other","P1",10,0.316137150628492,1.88283979238647,-0.321358418660978
"cell_360","Multiome","OPC-Oligo","Oligo NN","cl_OPC-Oligo_Oligo_NN_1","cl_OPC-Oligo_Oligo_NN_1_sub2","Other","P10",12,0.0449410863220692,0.873668679606028,-0.996491243786537
"cell_361","scRNA","IMN","IMN IT","cl_IMN_IMN_IT_1","cl_IMN_IMN_IT_1_sub1","Other","P28",16,0.669568413402885,-0.914597072827623,-2.09089194048916
"cell_362","scRNA","GABA","Lamp5 Gaba","cl_GABA_Lamp5_Gaba_1","cl_GABA_Lamp5_Gaba_1_sub1","GABA","E13.5",3,0.746277173282579,-1.24491762233132,0.425235479441099
"cell_363","scRNA","NonIT Glut","L6 CT CTX Glut","cl_NonIT_Glut_L6_CT_CTX_Glut_2","cl_NonIT_Glut_L6_CT_CTX_Glut_2_sub3","Glutamate","P10",12,0.248533362522721,-0.359982240682608,-0.295271709137097
"cell_364","scRNA","Vascular","Peri NN","cl_Vascular_Peri_NN_2","cl_Vascular_Peri_NN_2_sub2","Other","E15.5",5,0.466953222174197,1.32877470094798,0.54916088318128
"cell_365","scRNA","Vascular","VLMC NN","cl_Vascular_VLMC_NN_1","cl_Vascular_VLMC_NN_1_sub1","Other","P15",13,0.0442873267456889,0.292679118416953,-1.54589181325016
"cell_366","scRNA","NonIT Glut","L6 CT CTX Glut","cl_NonIT_Glut_L6_CT_CTX_Glut_1","cl_NonIT_Glut_L6_CT_CTX_Glut_1_sub1","Glutamate","E18.5",8,0.0982659002766013,-0.701505236840662,-1.25333593531244
"cell_367","scRNA","OPC-Oligo","OPC NN","cl_OPC-Oligo_OPC_NN_1","cl_OPC-Oligo_OPC_NN_1_sub1","Other","P56",17,0.897094524232671,0.88223456781802,-0.111331874671968
"cell_368","Multiome","NonIT Glut","L6b CTX Glut","cl_NonIT_Glut_L6b_CTX_Glut_1","cl_NonIT_Glut_L6b_CTX_Glut_1_sub1","Glutamate","E15.5",5,0.615148483077064,-0.133370388722892,-1.4128135356317
"cell_369","Multiome","NonIT Glut","L6b CTX Glut","cl_NonIT_Glut_L6b_CTX_Glut_1","cl_NonIT_Glut_L6b_CTX_Glut_1_sub3","Glutamate","E16.5",6,0.640710000181571,-1.12067849929142,-1.98295385072071
"cell_370","scRNA","OPC-Oligo","Oligo NN","cl_OPC-Oligo_Oligo_NN_2","cl_OPC-Oligo_Oligo_NN_2_sub3","Other","E12.5",2,0.461002120980993,0.461192454211788,0.783595407833566
"cell_371","Multiome","IMN","IMN IT","cl_IMN_IMN_IT_1","cl_IMN_IMN_IT_1_sub2","Other","P56",17,0.279731452930719,1.52414281017881,0.900869339749533
"cell_372","scRNA","IT Glut","L6 IT CTX Glut","cl_IT_Glut_L6_IT_CTX_Glut_2","cl_IT_Glut_L6_IT_CTX_Glut_2_sub3","Glutamate","P56",17,0.944950246019289,0.434468298132828,-1.0299636420045
"cell_373","scRNA","IT Glut","L2/3 IT CTX Glut","cl_IT_Glut_L2/3_IT_CTX_Glut_1","cl_IT_Glut_L2/3_IT_CTX_Glut_1_sub3","Glutamate","E18.5",8,0.0230717244558036,0.192000371138929,-0.272057268566593
"cell_374","scRNA","IT Glut","L5 IT CTX Glut","cl_IT_Glut_L5_IT_CTX_Glut_2","cl_IT_Glut_L5_IT_CTX_Glut_2_sub3","Glutamate","E15.5",5,0.177312726154923,-0.656243128417058,-1.13397290517125
"cell_375","scRNA","IT Glut","L4/5 IT CTX Glut","cl_IT_Glut_L4/5_IT_CTX_Glut_2","cl_IT_Glut_L4/5_IT_CTX_Glut_2_sub1","Glutamate","P20",14,0.971428127260879,0.568398530869528,0.316426916752984
"cell_376","scRNA","Immune","Microglia NN","cl_Immune_Microglia_NN_1","cl_Immune_Microglia_NN_1_sub2","Other","P10",12,0.799737756373361,-1.07057053489039,-0.0296783010019916
"cell_377","scRNA","Vascular","Endo NN","cl_Vascular_Endo_NN_2","cl_Vascular_Endo_NN_2_sub1","Other","E10.5",1,0.999651014106348,-1.65314902448089,-0.869460450959366
"cell_378","scRNA","OPC-Oligo","OPC NN","cl_OPC-Oligo_OPC_NN_2","cl_OPC-Oligo_OPC_NN_2_sub3","Other","P28",16,0.260743452701718,-0.0433527684937541,-0.774217543896185
"cell_379","scRNA","IT Glut","L5 IT CTX Glut","cl_IT_Glut_L5_IT_CTX_Glut_1","cl_IT_Glut_L5_IT_CTX_Glut_1_sub3","Glutamate","E17",7,0.582182658370584,-0.0345935057990383,-1.0620811934282
"cell_380","Multiome","IP","IP nonIT","cl_IP_IP_nonIT_1","cl_IP_IP_nonIT_1_sub3","Other","E15.5",5,0.072294166078791,2.36505553200281,0.436374262192543
"cell_381","scRNA","GABA","Vip Gaba","cl_GABA_Vip_Gaba_1","cl_GABA_Vip_Gaba_1_sub3","GABA","P1",10,0.802283700322732,-1.2163473078919,0.571008847814101
"cell_382","Multiome","IT Glut","L4/5 IT CTX Glut","cl_IT_Glut_L4/5_IT_CTX_Glut_2","cl_IT_Glut_L4/5_IT_CTX_Glut_2_sub3","Glutamate","E14.5",4,0.880565365077928,0.170906323349044,0.376474894415886
"cell_383","scRNA","NonIT Glut","L6b CTX Glut","cl_NonIT_Glut_L6b_CTX_Glut_2","cl_NonIT_Glut_L6b_CTX_Glut_2_sub2","Glutamate","E18.5",8,0.889629539102316,0.805053093622194,-0.842889697415977
"cell_384","scRNA","IT Glut","L6 IT CTX Glut","cl_IT_Glut_L6_IT_CTX_Glut_1","cl_IT_Glut_L6_IT_CTX_Glut_1_sub3","Glutamate","P56",17,0.0113270068541169,1.05059284411588,-1.78616962823527
"cell_385","scRNA","NonIT Glut","L6b CTX Glut","cl_NonIT_Glut_L6b_CTX_Glut_1","cl_NonIT_Glut_L6b_CTX_Glut_1_sub1","Glutamate","E15.5",5,0.241400566184893,-0.0107244846593236,0.530875663154472
"cell_386","scRNA","Vascular","Peri NN","cl_Vascular_Peri_NN_1","cl_Vascular_Peri_NN_1_sub2","Other","E17",7,0.607268897583708,-0.743256141429252,-0.177058947394319
"cell_387","scRNA","NEC","NEC","cl_NEC_NEC_2","cl_NEC_NEC_2_sub3","Other","P10",12,0.362720564939082,-0.0657840518699871,-0.0393923499714967
"cell_388","Multiome","Vascular","Endo NN","cl_Vascular_Endo_NN_1","cl_Vascular_Endo_NN_1_sub2","Other","P15",13,0.709208659362048,1.93975599193716,1.03212798487339
"cell_389","scRNA","Glioblast","Glioblast","cl_Glioblast_Glioblast_1","cl_Glioblast_Glioblast_1_sub3","Other","P1",10,0.0420729606412351,0.482739008175833,-0.8935158344016
"cell_390","scRNA","Immune","BAM NN","cl_Immune_BAM_NN_2","cl_Immune_BAM_NN_2_sub3","Other","E10.5",1,0.657171030761674,-2.04447707255807,1.14401532568501
"cell_391","Multiome","IMN","IMN nonIT","cl_IMN_IMN_nonIT_1","cl_IMN_IMN_nonIT_1_sub2","Other","P25",15,0.230689442018047,1.42345912865025,-0.413191495212929
"cell_392","scRNA","NonIT Glut","L5 ET CTX Glut","cl_NonIT_Glut_L5_ET_CTX_Glut_1","cl_NonIT_Glut_L5_ET_CTX_Glut_1_sub1","Glutamate","P20",14,0.272977372631431,0.540502660915081,-0.713187821756013
"cell_393","scRNA","IT Glut","L6 IT CTX Glut","cl_IT_Glut_L6_IT_CTX_Glut_2","cl_IT_Glut_L6_IT_CTX_Glut_2_sub3","Glutamate","E17",7,0.73316377773881,-0.033571771837525,-0.205746143817567
"cell_394","Multiome","NonIT Glut","L6 CT CTX Glut","cl_NonIT_Glut_L6_CT_CTX_Glut_2","cl_NonIT_Glut_L6_CT_CTX_Glut_2_sub2","Glutamate","E12.5",2,0.178256200859323,-0.0178636211100986,0.390019728842846
"cell_395","scRNA","Immune","Microglia NN","cl_Immune_Microglia_NN_2","cl_Immune_Microglia_NN_2_sub1","Other","P1",10,0.385634268634021,-0.149789719793403,-0.207215645255724
"cell_396","Multiome","Vascular","Endo NN","cl_Vascular_Endo_NN_2","cl_Vascular_Endo_NN_2_sub1","Other","P25",15,0.68435456068255,0.25655948095525,-0.900507220547859
"cell_397","scRNA","Glioblast","Glioblast","cl_Glioblast_Glioblast_2","cl_Glioblast_Glioblast_2_sub1","Other","P20",14,0.415191047592089,-0.503866933037017,-0.281624278790779
"cell_398","Multiome","OPC-Oligo","OPC NN","cl_OPC-Oligo_OPC_NN_2","cl_OPC-Oligo_OPC_NN_2_sub2","Other","E13.5",3,0.542161838850006,0.277011251660008,-2.54193110113798
"cell_399","Multiome","OPC-Oligo","OPC NN","cl_OPC-Oligo_OPC_NN_1","cl_OPC-Oligo_OPC_NN_1_sub1","Other","P5",11,0.455189880216494,-0.931356024820741,-0.508511681872445
"cell_400","scRNA","CR Glut","CR Glut","cl_CR_Glut_CR_Glut_2","cl_CR_Glut_CR_Glut_2_sub1","Glutamate","E15.5",5,0.127064438303933,0.200146875274757,0.455966217539027
"cell_401","scRNA","OPC-Oligo","OPC NN","cl_OPC-Oligo_OPC_NN_1","cl_OPC-Oligo_OPC_NN_1_sub1","Other","P20",14,0.0311842460650951,1.10683742066645,-0.169259774532087
"cell_402","scRNA","NonIT Glut","L6b CTX Glut","cl_NonIT_Glut_L6b_CTX_Glut_2","cl_NonIT_Glut_L6b_CTX_Glut_2_sub2","Glutamate","P0",9,0.165653203846887,0.509206113653802,0.688327722261226
"cell_403","scRNA","NonIT Glut","L5 ET CTX Glut","cl_NonIT_Glut_L5_ET_CTX_Glut_1","cl_NonIT_Glut_L5_ET_CTX_Glut_1_sub1","Glutamate","E10.5",1,0.798880711663514,1.03374967645111,0.48598243397446
"cell_404","scRNA","Vascular","Peri NN","cl_Vascular_Peri_NN_1","cl_Vascular_Peri_NN_1_sub3","Other","E17",7,0.142388037405908,-1.09086876180262,0.645646746355588
"cell_405","Multiome","IT Glut","L2/3 IT CTX Glut","cl_IT_Glut_L2/3_IT_CTX_Glut_1","cl_IT_Glut_L2/3_IT_CTX_Glut_1_sub1","Glutamate","P25",15,0.0744408417958766,0.0547927844725968,0.656044945025482
"cell_406","scRNA","GABA","Lamp5 Gaba","cl_GABA_Lamp5_Gaba_2","cl_GABA_Lamp5_Gaba_2_sub3","GABA","P56",17,0.028574007563293,0.617250302722062,-1.73858076137427
"cell_407","scRNA","IMN","IMN nonIT","cl_IMN_IMN_nonIT_2","cl_IMN_IMN_nonIT_2_sub3","Other","E16.5",6,0.417391903232783,-1.06800486773328,0.00415968001844305
"cell_408","Multiome","OPC-Oligo","OPC NN","cl_OPC-Oligo_OPC_NN_1","cl_OPC-Oligo_OPC_NN_1_sub3","Other","P15",13,0.8540280375164,1.56581433705846,1.63006733460683
"cell_409","scRNA","IP","IP nonIT","cl_IP_IP_nonIT_2","cl_IP_IP_nonIT_2_sub2","Other","E10.5",1,0.330488940468058,-1.03480801098526,-0.480485227044419
"cell_410","Multiome","OPC-Oligo","OPC NN","cl_OPC-Oligo_OPC_NN_1","cl_OPC-Oligo_OPC_NN_1_sub1","Other","E16.5",6,0.444436515681446,0.16451870850584,0.452802442420564
"cell_411","Multiome","GABA","Vip Gaba","cl_GABA_Vip_Gaba_2","cl_GABA_Vip_Gaba_2_sub1","GABA","E18.5",8,0.413483235985041,0.151832330355081,0.143393730979936
"cell_412","scRNA","Vascular","Endo NN","cl_Vascular_Endo_NN_2","cl_Vascular_Endo_NN_2_sub3","Other","P1",10,0.351750784087926,0.121670301966854,0.557012225188023
"cell_413","scRNA","NonIT Glut","L6 CT CTX Glut","cl_NonIT_Glut_L6_CT_CTX_Glut_2","cl_NonIT_Glut_L6_CT_CTX_Glut_2_sub3","Glutamate","E12.5",2,0.927850279491395,-0.210424583643468,-0.272030117170514
"cell_414","scRNA","Vascular","Endo NN","cl_Vascular_Endo_NN_2","cl_Vascular_Endo_NN_2_sub2","Other","E15.5",5,0.930054556345567,0.449936787146205,-0.648299296516002
"cell_415","Multiome","IMN","IMN nonIT","cl_IMN_IMN_nonIT_1","cl_IMN_IMN_nonIT_1_sub3","Other","E13.5",3,0.280263159889728,-1.03116449189746,0.071960844365645
"cell_416","scRNA","IT Glut","L2/3 IT CTX Glut","cl_IT_Glut_L2/3_IT_CTX_Glut_2","cl_IT_Glut_L2/3_IT_CTX_Glut_2_sub3","Glutamate","E16.5",6,0.729309949558228,-1.28936418822322,0.207814830703413
"cell_417","Multiome","IT Glut","L2/3 IT CTX Glut","cl_IT_Glut_L2/3_IT_CTX_Glut_2","cl_IT_Glut_L2/3_IT_CTX_Glut_2_sub1","Glutamate","P5",11,0.216784899588674,-0.654568638113246,-0.185332289683865
"cell_418","Multiome","IP","IP nonIT","cl_IP_IP_nonIT_1","cl_IP_IP_nonIT_1_sub2","Other","P0",9,0.940247777383775,-0.0573241038477796,0.0314406650264462
"cell_419","scRNA","IT Glut","L5 IT CTX Glut","cl_IT_Glut_L5_IT_CTX_Glut_2","cl_IT_Glut_L5_IT_CTX_Glut_2_sub3","Glutamate","P25",15,0.0642989731859416,1.25674782035705,0.411351933690778
"cell_420","Multiome","Immune","BAM NN","cl_Immune_BAM_NN_1","cl_Immune_BAM_NN_1_sub3","Other","E17",7,0.988668913953006,1.58745413986454,-0.776183890462463
"cell_421","scRNA","GABA","Sst Gaba","cl_GABA_Sst_Gaba_2","cl_GABA_Sst_Gaba_2_sub2","GABA","P0",9,0.210208480246365,0.319481462544746,1.13967765719806
"cell_422","scRNA","Immune","Microglia NN","cl_Immune_Microglia_NN_2","cl_Immune_Microglia_NN_2_sub3","Other","P20",14,0.318532433127984,0.381591622693148,2.20076027074659
"cell_423","scRNA","OPC-Oligo","Oligo NN","cl_OPC-Oligo_Oligo_NN_1","cl_OPC-Oligo_Oligo_NN_1_sub3","Other","P5",11,0.121769886463881,-0.243644883639445,1.47720532873484
"cell_424","Multiome","GABA","Vip Gaba","cl_GABA_Vip_Gaba_1","cl_GABA_Vip_Gaba_1_sub2","GABA","P56",17,0.584214246133342,0.0480530840530341,-0.454417850707568
"cell_425","Multiome","GABA","Lamp5 Gaba","cl_GABA_Lamp5_Gaba_2","cl_GABA_Lamp5_Gaba_2_sub3","GABA","P10",12,0.658343411516398,-1.40454586110179,-1.82288726903245
"cell_426","Multiome","NonIT Glut","L6 CT CTX Glut","cl_NonIT_Glut_L6_CT_CTX_Glut_2","cl_NonIT_Glut_L6_CT_CTX_Glut_2_sub1","Glutamate","P10",12,0.996165027609095,0.289933728895764,0.0541979571095952
"cell_427","scRNA","IP","IP nonIT","cl_IP_IP_nonIT_2","cl_IP_IP_nonIT_2_sub3","Other","P15",13,0.194067566888407,-0.535553582293745,0.88027322060407
"cell_428","scRNA","NonIT Glut","L6b CTX Glut","cl_NonIT_Glut_L6b_CTX_Glut_2","cl_NonIT_Glut_L6b_CTX_Glut_2_sub3","Glutamate","P10",12,0.816496719140559,0.334678773100549,0.778106697935667
"cell_429","scRNA","Immune","BAM NN","cl_Immune_BAM_NN_1","cl_Immune_BAM_NN_1_sub1","Other","E16.5",6,0.619452059967443,-0.345981339154502,-1.22974677471174
"cell_430","scRNA","RG","RG","cl_RG_RG_2","cl_RG_RG_2_sub2","Other","E13.5",3,0.98560710856691,-0.661615734836447,-1.11314851074341
"cell_431","Multiome","IP","IP nonIT","cl_IP_IP_nonIT_2","cl_IP_IP_nonIT_2_sub2","Other","P10",12,0.441791965160519,-0.219111376802046,0.133744634877637
"cell_432","Multiome","NonIT Glut","L6 CT CTX Glut","cl_NonIT_Glut_L6_CT_CTX_Glut_1","cl_NonIT_Glut_L6_CT_CTX_Glut_1_sub3","Glutamate","P10",12,0.724185222759843,-0.366904910633707,0.626081345376854
"cell_433","Multiome","Vascular","Peri NN","cl_Vascular_Peri_NN_2","cl_Vascular_Peri_NN_2_sub1","Other","P5",11,0.0758486231788993,1.09457820784237,0.872931663855459
"cell_434","scRNA","IT Glut","L6 IT CTX Glut","cl_IT_Glut_L6_IT_CTX_Glut_1","cl_IT_Glut_L6_IT_CTX_Glut_1_sub1","Glutamate","P5",11,0.63034275197424,0.209208082437128,0.816391978938957
"cell_435","scRNA","IT Glut","L4/5 IT CTX Glut","cl_IT_Glut_L4/5_IT_CTX_Glut_1","cl_IT_Glut_L4/5_IT_CTX_Glut_1_sub1","Glutamate","E14.5",4,0.214586451416835,0.432491426153216,-0.967975491966489
"cell_436","scRNA","IMN","IMN IT","cl_IMN_IMN_IT_1","cl_IMN_IMN_IT_1_sub3","Other","P5",11,0.919127551838756,-1.24085358580078,-1.31260505619999
"cell_437","scRNA","IP","IP IT","cl_IP_IP_IT_2","cl_IP_IP_IT_2_sub1","Other","E12.5",2,0.811952003277838,1.49682170962802,-2.01251977795928
"cell_438","Multiome","GABA","Vip Gaba","cl_GABA_Vip_Gaba_1","cl_GABA_Vip_Gaba_1_sub3","GABA","E17",7,0.856115926988423,0.159370441160762,0.504932697727817
"cell_439","scRNA","GABA","Pvalb Gaba","cl_GABA_Pvalb_Gaba_2","cl_GABA_Pvalb_Gaba_2_sub3","GABA","E16.5",6,0.816757245920599,-0.856281403403253,0.828111565769426
"cell_440","scRNA","Vascular","Peri NN","cl_Vascular_Peri_NN_2","cl_Vascular_Peri_NN_2_sub3","Other","E17",7,0.417101690312847,0.309046645446821,0.335850688825044
"cell_441","scRNA","Glioblast","Glioblast","cl_Glioblast_Glioblast_1","cl_Glioblast_Glioblast_1_sub1","Other","E14.5",4,0.977549103787169,0.870434029844877,-1.05912444601131
"cell_442","scRNA","GABA","Pvalb Gaba","cl_GABA_Pvalb_Gaba_2","cl_GABA_Pvalb_Gaba_2_sub3","GABA","P28",16,0.499363659881055,-1.38367713830156,1.56771674994935
"cell_443","scRNA","IMN","IMN IT","cl_IMN_IMN_IT_2","cl_IMN_IMN_IT_2_sub2","Other","E14.5",4,0.498571664560586,1.69010697003056,-0.370146624363391
"cell_444","scRNA","Vascular","Peri NN","cl_Vascular_Peri_NN_2","cl_Vascular_Peri_NN_2_sub1","Other","P0",9,0.343472252134234,-0.158030705178362,1.77903836149569
"cell_445","scRNA","Vascular","Endo NN","cl_Vascular_Endo_NN_1","cl_Vascular_Endo_NN_1_sub3","Other","E15.5",5,0.0673493940848857,1.12117078064864,0.551402005080575
"cell_446","scRNA","IT Glut","L6 IT CTX Glut","cl_IT_Glut_L6_IT_CTX_Glut_1","cl_IT_Glut_L6_IT_CTX_Glut_1_sub2","Glutamate","P28",16,0.907365338876843,0.0722613190889151,1.19031064508552
"cell_447","scRNA","OPC-Oligo","OPC NN","cl_OPC-Oligo_OPC_NN_2","cl_OPC-Oligo_OPC_NN_2_sub1","Other","P5",11,0.221119735622779,-0.332422844566724,0.330602226294406
"cell_448","scRNA","IT Glut","L5 IT CTX Glut","cl_IT_Glut_L5_IT_CTX_Glut_2","cl_IT_Glut_L5_IT_CTX_Glut_2_sub3","Glutamate","P28",16,0.297663893084973,-1.83492004662686,-0.0646522280998777
"cell_449","scRNA","Vascular","VLMC NN","cl_Vascular_VLMC_NN_1","cl_Vascular_VLMC_NN_1_sub2","Other","P0",9,0.658542462624609,-1.10017221858719,-1.01254806837321
"cell_450","scRNA","IT Glut","L4/5 IT CTX Glut","cl_IT_Glut_L4/5_IT_CTX_Glut_2","cl_IT_Glut_L4/5_IT_CTX_Glut_2_sub3","Glutamate","P25",15,0.566619909601286,-0.041340299917431,-0.558514190191359
"cell_451","scRNA","Vascular","Endo NN","cl_Vascular_Endo_NN_1","cl_Vascular_Endo_NN_1_sub1","Other","P5",11,0.971292390022427,0.827852545117142,-0.0471078362764253
"cell_452","scRNA","IMN","IMN IT","cl_IMN_IMN_IT_2","cl_IMN_IMN_IT_2_sub2","Other","P56",17,0.104932233225554,-1.88167865415457,0.282074067985043
"cell_453","Multiome","CR Glut","CR Glut","cl_CR_Glut_CR_Glut_1","cl_CR_Glut_CR_Glut_1_sub2","Glutamate","P0",9,0.543798925820738,1.37544111232424,-0.0332192123310964
"cell_454","scRNA","NonIT Glut","L5 ET CTX Glut","cl_NonIT_Glut_L5_ET_CTX_Glut_2","cl_NonIT_Glut_L5_ET_CTX_Glut_2_sub1","Glutamate","P25",15,0.915372134884819,1.39899046430298,-0.177971989093417
"cell_455","Multiome","IT Glut","L4/5 IT CTX Glut","cl_IT_Glut_L4/5_IT_CTX_Glut_1","cl_IT_Glut_L4/5_IT_CTX_Glut_1_sub1","Glutamate","P10",12,0.872937403619289,-1.14331625591094,0.183485516942061
"cell_456","scRNA","NEC","NEC","cl_NEC_NEC_1","cl_NEC_NEC_1_sub2","Other","E17",7,0.904538909206167,0.47230056219311,-0.524372042597516
"cell_457","scRNA","IT Glut","L2/3 IT CTX Glut","cl_IT_Glut_L2/3_IT_CTX_Glut_2","cl_IT_Glut_L2/3_IT_CTX_Glut_2_sub2","Glutamate","P5",11,0.778780563501641,-1.03363921335421,-0.53593745633951
"cell_458","scRNA","Vascular","Peri NN","cl_Vascular_Peri_NN_1","cl_Vascular_Peri_NN_1_sub3","Other","P25",15,0.167171070119366,-0.125199978688284,-1.45570470165602
"cell_459","Multiome","IP","IP IT","cl_IP_IP_IT_2","cl_IP_IP_IT_2_sub2","Other","P0",9,0.121384909143671,0.928662738846683,0.846271470268007
"cell_460","scRNA","IP","IP nonIT","cl_IP_IP_nonIT_1","cl_IP_IP_nonIT_1_sub2","Other","P20",14,0.11829413054511,0.868339647698772,0.046932368001524
"cell_461","Multiome","OPC-Oligo","Oligo NN","cl_OPC-Oligo_Oligo_NN_2","cl_OPC-Oligo_Oligo_NN_2_sub1","Other","P5",11,0.432067591231316,-0.849174603633478,-0.0836242334273476
"cell_462","Multiome","IT Glut","L6 IT CTX Glut","cl_IT_Glut_L6_IT_CTX_Glut_1","cl_IT_Glut_L6_IT_CTX_Glut_1_sub2","Glutamate","E10.5",1,0.777386966859922,-0.386636454475566,-0.740918614774917
"cell_463","scRNA","CR Glut","CR Glut","cl_CR_Glut_CR_Glut_1","cl_CR_Glut_CR_Glut_1_sub1","Glutamate","P0",9,0.904098095139489,-0.976163570997166,-0.247773863902407
"cell_464","scRNA","NonIT Glut","L6 CT CTX Glut","cl_NonIT_Glut_L6_CT_CTX_Glut_1","cl_NonIT_Glut_L6_CT_CTX_Glut_1_sub3","Glutamate","P0",9,0.426466280128807,0.339543659904915,-1.0867828557013
"cell_465","scRNA","IT Glut","L5 IT CTX Glut","cl_IT_Glut_L5_IT_CTX_Glut_2","cl_IT_Glut_L5_IT_CTX_Glut_2_sub1","Glutamate","P56",17,0.809511106228456,-1.55907516443377,-1.04929735235275
"cell_466","scRNA","IP","IP IT","cl_IP_IP_IT_1","cl_IP_IP_IT_1_sub1","Other","P1",10,0.468375103781,-2.62932544155136,-1.9189517717066
"cell_467","Multiome","GABA","Sst Gaba","cl_GABA_Sst_Gaba_1","cl_GABA_Sst_Gaba_1_sub1","GABA","E18.5",8,0.678603097330779,1.46981228187286,0.981698772648436
"cell_468","scRNA","Vascular","VLMC NN","cl_Vascular_VLMC_NN_1","cl_Vascular_VLMC_NN_1_sub3","Other","E16.5",6,0.758725884137675,2.27347291299472,0.125964082145297
"cell_469","scRNA","Vascular","Peri NN","cl_Vascular_Peri_NN_2","cl_Vascular_Peri_NN_2_sub3","Other","E17",7,0.683359615271911,-0.455033540238828,-1.11677637555443
"cell_470","Multiome","GABA","Sst Gaba","cl_GABA_Sst_Gaba_2","cl_GABA_Sst_Gaba_2_sub1","GABA","E17",7,0.84757961332798,0.761102487094892,1.1637866037459
"cell_471","scRNA","Vascular","Endo NN","cl_Vascular_Endo_NN_1","cl_Vascular_Endo_NN_1_sub1","Other","P10",12,0.311569909565151,-0.00750278370972113,0.624591683369118
"cell_472","scRNA","CR Glut","CR Glut","cl_CR_Glut_CR_Glut_2","cl_CR_Glut_CR_Glut_2_sub3","Glutamate","P0",9,0.182766802608967,1.47431379971599,0.742382274584664
"cell_473","scRNA","CR Glut","CR Glut","cl_CR_Glut_CR_Glut_1","cl_CR_Glut_CR_Glut_1_sub2","Glutamate","P28",16,0.0935201700776815,0.554143932569381,-0.225770566942818
"cell_474","Multiome","IT Glut","L4/5 IT CTX Glut","cl_IT_Glut_L4/5_IT_CTX_Glut_2","cl_IT_Glut_L4/5_IT_CTX_Glut_2_sub2","Glutamate","E13.5",3,0.0147945936769247,0.203663965116151,-0.422872006585657
"cell_475","Multiome","RG","RG","cl_RG_RG_1","cl_RG_RG_1_sub3","Other","E13.5",3,0.902413302799687,-1.79913645176587,-0.0980529020064929
"cell_476","Multiome","IT Glut","L6 IT CTX Glut","cl_IT_Glut_L6_IT_CTX_Glut_2","cl_IT_Glut_L6_IT_CTX_Glut_2_sub2","Glutamate","P20",14,0.796052918070927,1.08295568079775,0.404690656237582
"cell_477","scRNA","GABA","Vip Gaba","cl_GABA_Vip_Gaba_1","cl_GABA_Vip_Gaba_1_sub3","GABA","E12.5",2,0.0777718985918909,-0.350853615046856,0.799914606641116
"cell_478","Multiome","OPC-Oligo","Oligo NN","cl_OPC-Oligo_Oligo_NN_1","cl_OPC-Oligo_Oligo_NN_1_sub2","Other","E14.5",4,0.101743090432137,-1.40349008471503,1.58946914995693
"cell_479","scRNA","Vascular","Peri NN","cl_Vascular_Peri_NN_1","cl_Vascular_Peri_NN_1_sub2","Other","E10.5",1,0.173892091494054,-0.20179666491333,-0.509070404137271
"cell_480","scRNA","IT Glut","L4/5 IT CTX Glut","cl_IT_Glut_L4/5_IT_CTX_Glut_2","cl_IT_Glut_L4/5_IT_CTX_Glut_2_sub2","Glutamate","P1",10,0.528678020462394,-0.126778159792303,-1.01556474815148
"cell_481","Multiome","NEC","NEC","cl_NEC_NEC_2","cl_NEC_NEC_2_sub1","Other","E16.5",6,0.73531401460059,1.05920687266615,0.100858665610429
"cell_482","Multiome","IT Glut","L6 IT CTX Glut","cl_IT_Glut_L6_IT_CTX_Glut_1","cl_IT_Glut_L6_IT_CTX_Glut_1_sub3","Glutamate","E13.5",3,0.118218665011227,-1.167396032264,3.02210418529039
"cell_483","scRNA","CR Glut","CR Glut","cl_CR_Glut_CR_Glut_1","cl_CR_Glut_CR_Glut_1_sub2","Glutamate","P10",12,0.103439392056316,-0.557643627318445,-0.428615845083704
"cell_484","Multiome","IT Glut","L4/5 IT CTX Glut","cl_IT_Glut_L4/5_IT_CTX_Glut_1","cl_IT_Glut_L4/5_IT_CTX_Glut_1_sub1","Glutamate","E10.5",1,0.55226346408017,1.48811992838316,1.14568121778476
"cell_485","scRNA","GABA","Lamp5 Gaba","cl_GABA_Lamp5_Gaba_2","cl_GABA_Lamp5_Gaba_2_sub3","GABA","P10",12,0.290518567897379,1.35866576877003,-0.243098209585093
"cell_486","scRNA","Vascular","Endo NN","cl_Vascular_Endo_NN_1","cl_Vascular_Endo_NN_1_sub2","Other","P15",13,0.440440524602309,1.16321454390236,-0.478543237763877
"cell_487","scRNA","RG","RG","cl_RG_RG_1","cl_RG_RG_1_sub2","Other","E10.5",1,0.118444304447621,1.66152394534788,-0.710417122207556
"cell_488","scRNA","Immune","BAM NN","cl_Immune_BAM_NN_2","cl_Immune_BAM_NN_2_sub3","Other","P0",9,0.921618608292192,0.204030979829896,-0.211244627717603
"cell_489","scRNA","Vascular","Peri NN","cl_Vascular_Peri_NN_1","cl_Vascular_Peri_NN_1_sub2","Other","E12.5",2,0.732589497929439,-0.581883686869775,1.64178447087543
"cell_490","Multiome","Vascular","Peri NN","cl_Vascular_Peri_NN_2","cl_Vascular_Peri_NN_2_sub2","Other","E13.5",3,0.46153046307154,0.555204061863422,0.301846720563439
"cell_491","scRNA","OPC-Oligo","OPC NN","cl_OPC-Oligo_OPC_NN_1","cl_OPC-Oligo_OPC_NN_1_sub2","Other","E10.5",1,0.672314426861703,1.05872312582593,0.487329123215285
"cell_492","Multiome","NonIT Glut","L6 CT CTX Glut","cl_NonIT_Glut_L6_CT_CTX_Glut_2","cl_NonIT_Glut_L6_CT_CTX_Glut_2_sub1","Glutamate","E15.5",5,0.288494411157444,2.41363327147105,0.838735792432261
"cell_493","scRNA","IT Glut","L2/3 IT CTX Glut","cl_IT_Glut_L2/3_IT_CTX_Glut_2","cl_IT_Glut_L2/3_IT_CTX_Glut_2_sub1","Glutamate","P1",10,0.663445411249995,-1.96498233271119,2.071741512886
"cell_494","scRNA","IP","IP nonIT","cl_IP_IP_nonIT_1","cl_IP_IP_nonIT_1_sub1","Other","P5",11,0.375068643130362,0.273235703066817,0.775618842079531
"cell_495","scRNA","GABA","Pvalb Gaba","cl_GABA_Pvalb_Gaba_1","cl_GABA_Pvalb_Gaba_1_sub2","GABA","P28",16,0.67092354176566,0.654794582869646,-1.42711135295193
"cell_496","scRNA","Vascular","Endo NN","cl_Vascular_Endo_NN_1","cl_Vascular_Endo_NN_1_sub3","Other","P25",15,0.41272456292063,-0.0545986553603831,-1.03351133546615
"cell_497","scRNA","IT Glut","L4/5 IT CTX Glut","cl_IT_Glut_L4/5_IT_CTX_Glut_1","cl_IT_Glut_L4/5_IT_CTX_Glut_1_sub2","Glutamate","E17",7,0.711320234229788,-1.55782224848511,-1.58945511359183
"cell_498","Multiome","GABA","Vip Gaba","cl_GABA_Vip_Gaba_2","cl_GABA_Vip_Gaba_2_sub3","GABA","P28",16,0.281075957231224,0.741500892086244,-2.84854676989379
"cell_499","scRNA","OPC-Oligo","Oligo NN","cl_OPC-Oligo_Oligo_NN_1","cl_OPC-Oligo_Oligo_NN_1_sub2","Other","E14.5",4,0.738704477902502,-0.779085741263919,1.29073392779261
"cell_500","scRNA","IT Glut","L5 IT CTX Glut","cl_IT_Glut_L5_IT_CTX_Glut_1","cl_IT_Glut_L5_IT_CTX_Glut_1_sub3","Glutamate","E13.5",3,0.574921453837305,0.505861498830513,-0.493723874282408
